id,extertionId,extertionCriticalId,injuryId,injuryCriticalId,injuryCrushingBlowId,deathId,stunId,standId,footstepId,aggroId,wingFlapId,wingGlideId,alertId,fidgetId_1,fidgetId_2,fidgetId_3,fidgetId_4,customAttackId_1,customAttackId_2,customAttackId_3,customAttackId_4,npcSoundId,loopSoundId,creatureImpactType,jumpStartId,jumpEndId,petAttackId,petOrderId,petDismissId
1,565,0,567,568,0,569,0,0,0,570,433,0,0,0,0,571,572,0,7374,0,0,0,0,0,0,0,0,0,0
2,456,457,459,460,0,458,0,461,8,462,0,0,0,0,0,0,0,0,0,0,0,0,0,0,0,0,0,0,0
3,1040,0,1041,1042,0,1043,0,0,10,1044,0,0,0,0,0,0,0,0,0,0,0,0,0,0,0,0,0,0,0
4,423,0,424,425,0,426,0,0,11,422,0,0,0,0,0,0,0,0,0,0,0,0,0,0,0,0,0,0,0
5,574,0,576,577,0,578,0,0,8,579,0,0,0,0,0,0,0,0,0,0,0,0,0,0,0,0,0,0,0
6,429,429,430,431,0,432,0,427,0,428,433,0,0,0,0,0,0,0,0,0,0,0,0,0,0,0,0,0,0
7,423,0,424,425,0,426,0,0,11,422,0,0,0,0,0,0,0,0,0,0,0,0,0,0,0,0,0,0,0
8,355,356,358,359,0,357,0,360,7,356,0,0,0,0,0,0,0,0,0,0,0,0,0,0,0,0,0,0,0
9,3413,0,3414,3415,0,3416,0,0,0,3417,0,0,3418,0,0,0,0,0,0,0,0,0,0,0,0,0,0,0,0
10,306,307,309,310,0,308,0,311,7,1015,0,0,1106,0,0,0,0,0,0,0,0,0,0,0,0,0,0,0,0
11,766,0,767,768,0,769,0,0,8,770,0,0,0,0,0,0,0,0,0,0,0,0,0,0,0,0,9097,9098,9096
12,580,0,581,582,0,583,0,0,0,584,433,0,584,0,0,0,0,0,0,0,0,0,0,0,0,0,0,0,0
13,0,0,0,0,0,0,0,0,7,0,0,0,0,0,0,0,0,0,0,0,0,0,0,0,0,0,0,0,0
14,0,0,0,0,0,0,0,0,7,0,0,0,0,0,0,0,0,0,0,0,0,0,0,0,0,0,0,0,0
15,0,0,0,0,0,0,0,0,7,0,0,0,0,0,0,0,0,0,0,0,0,0,0,0,0,0,0,0,0
16,322,323,325,326,0,324,0,327,7,1110,0,0,1110,0,1017,0,0,0,0,0,0,0,0,0,0,0,0,0,0
17,0,0,0,0,0,0,0,0,7,0,0,0,0,0,0,0,0,0,0,0,0,0,0,0,0,0,0,0,0
18,0,0,0,0,0,0,0,0,7,0,0,0,0,0,0,0,0,0,0,0,0,0,0,0,0,0,0,0,0
19,0,0,0,0,0,0,0,0,0,0,0,0,0,0,0,0,0,0,0,0,0,0,0,0,0,0,0,0,0
20,0,0,0,0,0,0,0,0,7,0,0,0,0,0,0,0,0,0,0,0,0,0,0,0,0,0,0,0,0
21,1329,0,1330,1331,0,1332,0,0,7,1334,0,0,1333,0,0,0,0,0,0,0,0,0,0,0,0,0,0,0,0
22,0,0,0,0,0,0,0,0,7,0,0,0,0,0,0,0,0,0,0,0,0,0,0,0,0,0,0,0,0
23,0,0,0,0,0,0,0,0,7,0,0,0,0,0,0,0,0,0,0,0,0,0,0,0,0,0,0,0,0
24,463,0,465,465,0,464,0,0,6,466,0,0,0,0,0,0,0,0,0,0,0,0,1454,1,0,0,0,0,0
25,1123,0,1124,1125,0,1126,0,0,7,1127,0,0,0,0,0,1128,0,0,0,0,0,0,0,0,0,0,0,0,0
26,312,313,315,316,0,314,690,317,8,694,0,0,1107,0,0,0,0,0,0,0,0,0,0,0,0,0,0,0,0
27,772,0,773,774,0,775,0,0,6,771,0,0,0,0,0,776,0,0,0,0,0,0,0,0,0,0,0,0,0
28,423,0,424,425,0,426,0,0,11,422,0,0,0,0,0,0,0,0,0,0,0,0,0,0,0,0,0,0,0
29,592,0,593,594,0,595,0,0,8,596,0,0,0,0,0,597,0,0,0,0,0,0,0,0,0,0,0,0,0
30,423,0,424,425,0,426,0,0,11,422,0,0,0,0,0,0,0,0,0,0,0,0,0,0,0,0,0,0,0
31,417,417,418,419,0,420,0,0,16,416,0,0,1109,0,0,0,0,0,0,0,0,0,0,0,0,0,0,0,0
32,397,397,398,399,0,400,0,395,7,396,0,0,0,0,0,0,0,0,0,0,0,0,0,0,0,0,0,0,0
33,403,0,404,405,0,406,0,401,7,402,0,0,3661,0,0,0,0,0,0,0,0,0,0,0,0,0,0,0,0
34,704,0,705,706,0,707,0,0,7,708,0,0,0,708,708,0,0,0,0,0,0,0,0,0,0,0,0,0,0
35,545,0,547,548,0,549,0,0,6,550,0,0,0,0,0,553,0,0,0,0,0,0,0,0,0,0,0,0,0
36,715,0,716,717,0,718,0,0,11,719,0,0,715,0,0,720,0,0,0,0,0,0,0,0,0,0,0,0,0
37,1117,0,1118,1119,0,1120,0,0,7,1122,0,0,0,0,0,1121,0,0,0,0,0,0,0,0,0,0,9101,9102,9100
38,1476,0,1477,1478,0,1479,0,0,8,1481,0,0,1480,0,0,0,0,0,0,0,0,0,0,0,0,0,0,0,0
39,3032,0,3033,3034,0,3035,0,0,6,3032,0,0,0,0,0,0,0,0,0,0,0,0,0,0,0,0,0,0,0
40,373,0,376,377,0,375,0,0,6,1402,0,0,1237,0,0,0,0,0,0,0,0,0,0,0,0,0,0,0,0
41,655,362,656,657,0,658,0,366,8,659,0,0,0,0,0,660,0,0,0,0,0,0,0,0,0,0,0,0,0
42,1029,0,1030,1031,0,1032,0,0,7,1034,0,0,0,0,0,1033,0,0,0,0,0,0,0,0,0,0,0,0,0
43,391,350,392,393,0,394,0,354,8,390,0,0,1108,1018,0,0,0,3176,3176,3176,3176,0,0,0,0,0,0,0,0
44,558,438,439,440,0,441,0,436,7,437,0,0,0,0,0,556,557,0,0,0,0,0,0,0,0,0,0,0,0
45,410,329,411,412,0,413,0,0,7,409,0,0,0,407,408,0,0,0,0,0,0,0,0,0,0,0,0,0,0
46,0,0,0,0,0,0,0,0,0,0,0,0,0,0,0,0,0,0,0,0,0,0,0,0,0,0,0,0,0
47,367,368,370,371,0,369,0,372,7,367,0,0,0,0,0,0,0,0,0,0,0,0,0,0,0,0,0,0,0
48,1029,0,1030,1031,0,1032,0,0,7,1034,0,0,0,0,0,1033,0,0,0,0,0,0,0,0,0,0,0,0,0
49,2941,186,2942,2943,0,2944,191,192,7,1263,0,0,0,5519,0,0,0,0,0,0,0,0,0,0,0,0,0,0,0
50,2937,193,2938,2939,0,2940,199,200,7,0,0,0,0,5518,0,0,0,0,0,0,0,0,0,0,0,0,0,0,0
51,1319,0,1320,1321,0,1322,0,0,7,0,0,0,0,5523,0,0,0,0,0,0,0,0,0,0,0,0,0,0,0
52,209,210,211,212,0,213,215,216,7,0,0,0,0,5522,0,0,0,0,0,0,0,0,0,0,0,0,0,0,0
53,2929,0,2930,2931,0,2932,0,0,8,0,0,0,0,5515,0,0,0,0,0,0,0,0,0,0,0,0,0,0,0
54,2925,0,2926,2927,0,2928,0,0,8,0,0,0,0,5514,0,0,0,0,0,0,0,0,0,0,0,0,0,0,0
55,2956,0,2957,2958,0,2959,0,0,7,0,0,0,0,5521,0,0,0,0,0,0,0,0,0,0,0,0,0,0,0
56,2933,0,2934,2935,0,2936,0,0,7,0,0,0,0,5520,0,0,0,0,0,0,0,0,0,0,0,0,0,0,0
57,1315,0,1316,1317,0,1318,0,0,7,0,0,0,0,5529,0,0,0,0,0,0,0,0,0,0,0,0,0,0,0
58,1361,0,1362,1363,0,1364,0,0,7,0,0,0,0,5528,0,0,0,0,0,0,0,0,0,0,0,0,0,0,0
59,1353,0,1354,1355,0,1356,0,0,7,0,0,0,0,5527,0,0,0,0,0,0,0,0,0,0,0,0,0,0,0
60,225,0,227,228,0,229,0,0,7,0,0,0,0,5524,0,0,0,0,0,0,0,0,0,0,0,0,0,0,0
61,442,443,445,446,0,444,0,0,0,447,433,0,0,0,0,0,0,0,0,0,0,0,0,0,0,0,0,0,0
62,448,0,450,451,0,449,0,452,6,455,0,0,0,452,0,0,0,0,0,0,0,0,0,0,0,0,0,0,0
63,423,423,424,425,0,426,0,0,11,422,0,0,0,0,421,0,0,0,0,0,0,0,0,0,0,0,0,0,0
64,0,0,0,0,0,0,0,0,0,0,0,0,0,0,0,0,0,0,0,0,0,0,0,0,0,0,0,0,0
65,725,0,726,727,0,728,0,0,10,729,0,0,0,0,0,0,730,725,725,0,0,0,0,0,0,0,0,0,0
66,380,380,381,382,0,383,0,0,8,379,0,0,0,0,0,0,0,0,7374,0,0,0,0,0,0,0,0,0,0
67,298,299,301,302,0,300,0,303,12,298,0,0,0,0,0,0,0,0,0,0,0,0,0,0,0,0,0,0,0
68,1098,0,1099,1100,0,1101,0,0,6,1102,0,0,0,0,0,0,0,0,0,0,0,0,0,0,0,0,9104,9105,9103
69,736,0,737,0,0,738,0,0,0,739,0,0,0,0,0,0,0,0,0,0,0,0,5634,0,0,0,0,0,0
70,335,0,338,339,0,337,0,0,7,1016,0,0,0,0,0,0,0,0,0,0,0,0,0,0,0,0,0,0,0
71,2087,0,2088,2089,0,2518,0,0,14,2092,0,0,2091,0,0,2093,0,0,0,0,0,0,0,0,0,0,0,0,0
72,2087,0,2088,2089,0,2519,0,0,14,2092,0,0,2091,0,0,2093,0,0,0,0,0,0,0,0,0,0,0,0,0
73,391,0,392,393,0,394,0,0,8,390,0,0,0,391,0,1018,0,0,7374,0,0,0,0,0,0,0,0,0,0
74,1289,0,1290,1291,0,1292,0,0,7,1294,0,0,1293,0,0,0,0,0,0,0,0,0,0,0,0,0,0,0,0
75,586,0,587,588,0,589,0,0,0,590,433,0,0,0,591,0,0,0,0,0,0,0,0,0,0,0,0,0,0
76,639,0,640,0,0,641,0,0,8,642,0,0,0,0,0,0,0,0,7374,0,0,0,0,0,0,0,0,0,0
77,1129,0,1130,1131,0,1133,0,0,10,1134,0,0,0,0,0,1135,0,0,0,0,0,0,0,0,0,0,0,0,0
78,1006,0,1007,1008,0,1009,0,0,7,1010,0,0,0,0,0,1011,0,0,0,0,0,0,0,0,0,0,0,0,0
79,0,0,0,0,0,0,0,0,8,0,0,0,0,0,0,0,0,0,0,0,0,0,0,0,0,0,0,0,0
80,0,0,0,0,0,0,0,0,8,0,0,0,0,0,0,0,0,0,0,0,0,0,0,0,0,0,0,0,0
81,721,0,722,0,0,723,0,0,0,724,0,0,0,0,0,0,0,0,0,0,0,0,5894,0,0,0,0,0,0
82,643,0,644,645,0,646,0,0,7,647,0,0,0,0,0,648,0,0,0,0,0,0,0,0,0,0,0,0,0
83,473,474,476,477,0,475,0,0,8,478,0,0,0,0,0,0,0,0,0,0,0,0,0,0,0,0,0,0,0
84,467,0,469,470,0,468,0,0,6,472,0,0,0,0,0,471,0,0,0,0,0,0,0,1,0,0,0,0,0
85,755,756,758,759,0,760,0,0,0,761,1103,0,0,0,763,764,765,0,0,0,0,0,0,0,0,0,0,0,0
86,1289,0,1290,1291,0,1292,0,0,7,1294,0,0,1293,0,0,0,0,0,0,0,0,0,0,0,0,0,0,0,0
87,1289,0,1290,1291,0,1292,0,0,7,1294,0,0,1293,0,0,0,0,0,0,0,0,0,0,0,0,0,0,0,0
88,1289,0,1290,1291,0,1292,0,0,7,1294,0,0,1293,0,0,0,0,0,0,0,0,0,0,0,0,0,0,0,0
89,1289,0,1290,1291,0,1292,0,0,7,1294,0,0,1293,0,0,0,0,0,0,0,0,0,0,0,0,0,0,0,0
90,709,0,710,711,0,712,0,0,0,713,1103,0,0,0,0,714,0,0,0,0,0,0,0,0,0,0,0,0,0
91,716,0,716,717,0,718,0,0,11,719,0,0,715,0,0,720,0,0,0,0,0,0,0,0,0,0,0,0,0
92,715,0,716,717,0,718,0,0,0,719,0,0,0,0,0,720,0,0,0,0,0,0,4594,0,0,0,0,0,0
93,0,0,0,0,0,0,0,0,7,0,0,0,0,0,0,0,0,0,0,0,0,0,0,0,0,0,0,0,0
94,0,0,0,0,0,0,0,0,7,0,0,0,0,0,0,0,0,0,0,0,0,0,0,0,0,0,0,0,0
95,0,0,0,0,0,0,0,0,7,0,0,0,0,0,0,0,0,0,0,0,0,0,0,0,0,0,0,0,0
96,0,0,0,0,0,0,0,0,7,0,0,0,0,0,0,0,0,0,0,0,0,0,0,0,0,0,0,0,0
97,2937,0,2938,2939,0,2940,0,0,7,0,0,0,0,0,0,0,0,0,0,0,0,0,0,0,0,0,0,0,0
98,0,0,0,0,0,0,0,0,7,0,0,0,0,0,0,0,0,0,0,0,0,0,0,0,0,0,0,0,0
99,0,0,0,0,0,0,0,0,7,0,0,0,0,0,0,0,0,0,0,0,0,0,0,0,0,0,0,0,0
100,0,0,0,0,0,0,0,0,7,0,0,0,0,0,0,0,0,0,0,0,0,0,0,0,0,0,0,0,0
101,0,0,0,0,0,0,0,0,7,0,0,0,0,0,0,0,0,0,0,0,0,0,0,0,0,0,0,0,0
102,1329,0,1330,1331,0,1332,0,0,0,1334,0,0,1333,0,0,0,0,0,0,0,0,0,0,0,0,0,0,0,0
103,1335,0,1336,1337,0,1338,0,0,7,1340,0,0,1339,0,0,0,0,0,0,0,0,0,0,0,0,0,0,0,0
104,1323,0,1324,1325,0,1326,0,0,7,1328,0,0,1327,0,0,0,0,0,0,0,0,0,0,0,0,0,0,0,0
105,1329,0,1330,1331,0,1332,0,0,7,1334,0,0,1333,0,0,0,0,0,0,0,0,0,0,0,0,0,0,0,0
106,1335,0,1336,1337,0,1338,0,0,7,1339,0,0,1339,0,0,0,0,0,0,0,0,0,0,0,0,0,0,0,0
107,1335,0,1330,1337,0,1338,0,0,7,1340,0,0,1339,0,0,0,0,0,0,0,0,0,0,0,0,0,0,0,0
108,1323,0,1324,1325,0,1326,0,0,7,1328,0,0,1327,0,0,0,0,0,0,0,0,0,0,0,0,0,0,0,0
109,0,0,0,0,0,0,0,0,7,0,0,0,0,0,0,0,0,0,0,0,0,0,0,0,0,0,0,0,0
110,1403,0,1404,1405,0,1406,0,0,0,1408,0,0,1407,0,0,0,0,0,0,0,0,0,1453,0,0,0,0,0,0
111,1019,0,1023,0,0,1024,0,0,0,0,0,0,0,0,0,0,0,0,0,0,0,0,0,0,0,0,0,0,0
112,1341,0,1342,1343,0,1344,0,0,7,1346,0,0,1345,0,0,0,0,0,0,0,0,0,0,0,0,0,0,0,0
113,1341,0,1342,1343,0,1344,0,0,7,1346,0,0,1345,0,0,0,0,0,0,0,0,0,0,0,0,0,0,0,0
114,0,0,1025,0,0,1026,0,0,8,0,0,0,0,0,0,0,0,0,0,0,0,0,0,0,0,0,0,0,0
115,1347,0,1348,1349,0,1350,0,0,8,1352,0,0,1351,0,0,0,0,0,0,0,0,0,0,0,0,0,0,0,0
116,1029,0,1030,1031,0,1032,0,0,7,1034,0,0,0,0,0,1033,0,0,0,0,0,0,0,0,0,0,0,0,0
117,1029,0,1030,1031,0,1032,0,0,7,1034,0,0,0,0,0,1033,0,0,0,0,0,0,0,0,0,0,0,0,0
118,1029,0,1030,1031,0,1032,0,0,7,1034,0,0,0,0,0,1033,0,0,0,0,0,0,0,0,0,0,0,0,0
119,1029,0,1030,1031,0,1032,0,0,7,1034,0,0,0,0,0,1033,0,0,0,0,0,0,0,0,0,0,0,0,0
120,1029,0,1030,1031,0,1032,0,0,7,1034,0,0,0,0,0,1033,0,0,0,0,0,0,0,0,0,0,0,0,0
121,1029,0,1030,1031,0,1032,0,1034,7,1034,0,0,0,0,0,1033,0,0,0,0,0,0,0,0,0,0,0,0,0
122,306,307,309,310,0,308,0,0,7,1015,0,0,1106,0,0,0,0,0,0,0,0,0,0,0,0,0,0,0,0
123,306,307,411,310,0,413,0,0,7,1015,0,0,1106,0,0,0,0,0,0,0,0,0,0,0,0,0,0,0,0
124,0,0,1027,0,0,1028,0,0,8,0,0,0,0,0,0,0,0,0,0,0,0,0,0,0,0,0,0,0,0
125,1329,0,1330,1331,0,1332,0,0,7,1334,0,0,1333,0,0,0,0,0,0,0,0,0,0,0,0,0,0,0,0
126,1323,0,1324,1325,0,1326,0,0,7,1328,0,0,1327,0,0,0,0,0,0,0,0,0,0,0,0,0,0,0,0
127,1301,0,1302,1303,0,1304,0,0,7,1306,0,0,1305,0,0,0,0,0,0,0,0,0,0,0,0,0,0,0,0
128,1295,0,1296,1297,0,1298,0,0,7,1300,0,0,1299,0,0,0,0,0,0,0,0,0,0,0,0,0,0,0,0
129,1301,0,1302,1304,0,1304,0,0,7,1306,0,0,1305,0,0,0,0,0,0,0,0,0,0,0,0,0,0,0,0
130,1091,0,1092,1093,0,1094,0,0,7,1095,0,0,0,0,0,0,0,0,0,0,0,0,0,0,0,0,0,0,0
131,1035,0,1036,1037,0,1038,0,0,8,1039,0,0,0,0,0,0,0,0,0,0,0,0,0,0,0,0,0,0,0
132,1225,0,1226,1227,0,1228,0,0,13,1230,0,0,1229,0,0,0,0,0,0,0,0,0,0,0,0,0,0,0,0
133,1231,0,1232,1233,0,1234,0,0,6,1236,0,0,1235,0,0,0,0,0,7374,0,0,0,0,0,0,0,0,0,0
134,0,0,1474,0,0,1475,0,0,0,0,0,0,0,0,0,0,0,0,0,0,0,0,0,0,0,0,0,0,0
135,1386,0,1387,1388,0,1389,0,0,7,1391,0,0,1390,0,0,0,1392,0,0,0,0,0,0,0,0,0,0,0,0
136,565,0,567,568,0,569,0,571,8,570,0,0,0,0,0,571,572,0,7374,0,0,0,0,0,0,0,0,0,0
138,1245,0,1246,1247,0,1250,0,0,8,1249,0,0,1248,0,0,0,0,0,7374,0,0,0,0,0,0,0,0,0,0
139,0,0,0,0,0,3580,0,0,8,0,0,0,0,0,0,0,0,0,0,0,0,0,0,0,0,0,0,0,0
140,1494,0,1495,1496,0,3375,0,0,7,1498,0,0,1497,0,0,0,0,0,0,0,0,0,0,0,0,0,0,0,0
141,0,0,2991,0,0,2992,0,0,77,0,0,0,0,0,0,0,0,0,0,0,0,0,0,0,0,0,0,0,0
142,1167,0,1169,1170,0,1171,0,0,0,1173,0,0,1172,0,0,0,0,0,0,0,0,0,0,0,0,0,0,0,0
143,1176,0,1177,1178,0,1179,0,0,7,1181,0,0,1180,0,0,0,0,0,0,0,0,0,0,0,0,0,0,0,0
144,1239,0,1240,1241,0,1242,0,0,7,1243,0,0,1244,0,0,0,0,0,0,0,0,0,0,0,0,0,0,0,0
145,1373,0,1374,1375,0,1376,0,0,0,1378,1103,1274,1377,0,0,0,0,0,0,0,0,0,0,0,0,0,0,0,0
146,0,0,0,0,0,0,0,0,0,0,0,0,0,0,0,0,0,0,0,0,0,0,0,0,0,0,0,0,0
147,0,0,0,0,0,0,0,0,0,0,0,0,0,0,0,0,0,0,0,0,0,0,0,0,0,0,0,0,0
148,1366,0,1367,1368,0,1369,0,0,7,1371,0,0,1370,0,0,0,0,0,0,0,0,0,0,0,0,0,0,0,0
149,0,0,0,0,0,0,0,0,0,0,0,0,0,0,0,0,0,0,0,0,0,0,0,0,0,0,0,0,0
150,0,0,0,0,0,0,0,0,0,0,0,0,0,0,0,0,0,0,0,0,0,0,0,0,0,0,0,0,0
151,1366,0,1367,1368,0,1369,0,0,7,1371,0,0,1370,0,0,0,0,0,0,0,0,0,0,0,0,0,0,0,0
152,0,0,0,0,0,0,0,0,0,0,0,0,0,0,0,0,0,0,0,0,0,0,0,0,0,0,0,0,0
153,0,0,1467,0,0,1466,0,0,0,0,0,0,0,0,0,0,0,0,0,0,0,0,0,0,0,0,0,0,0
154,1441,0,1442,1443,0,1444,0,0,6,1446,0,0,1445,0,0,0,0,0,0,0,0,0,6834,0,0,0,0,0,0
155,8517,0,8518,8519,0,8520,0,0,0,8522,0,0,8521,0,0,0,0,0,0,0,0,0,4594,0,0,0,0,0,0
156,8511,0,8512,8513,0,8514,0,0,6,8516,0,0,8515,0,0,0,0,0,0,0,0,0,0,0,0,0,0,0,0
157,8550,0,8551,8552,0,8553,0,0,6,8555,0,0,8554,0,0,0,0,0,0,0,0,0,0,0,0,0,0,0,0
158,1283,0,1284,1285,0,1286,0,0,0,1288,0,0,1287,0,0,0,0,0,0,0,0,0,1454,0,0,0,0,0,0
159,0,0,1379,0,0,1380,0,0,17,0,0,0,0,0,0,0,0,0,0,0,0,0,0,0,0,0,0,0,0
160,463,463,465,465,0,464,0,0,6,466,0,0,0,0,0,0,0,0,0,0,0,0,1454,0,0,0,0,0,0
161,463,463,465,465,0,464,0,0,7,466,0,0,0,0,0,0,0,0,0,0,0,0,1454,0,0,0,0,0,0
162,1393,0,1394,1395,0,1396,0,0,0,1398,0,0,1397,0,0,0,0,0,0,0,0,0,0,0,0,0,9107,9108,9106
163,0,0,0,0,0,0,0,0,0,0,0,0,0,0,0,0,0,0,0,0,0,0,0,0,0,0,0,0,0
164,1409,0,1410,1411,0,1413,0,0,8,1415,0,0,1414,0,0,0,1416,0,0,0,0,0,0,0,0,0,0,0,0
165,0,0,1379,0,0,1380,0,0,17,0,0,0,0,0,0,0,0,0,0,0,0,0,0,0,0,0,0,0,0
166,1468,0,1469,1470,0,1471,0,0,7,1473,0,0,1472,0,0,0,0,0,0,0,0,0,0,0,0,0,0,0,0
167,1468,0,1469,1470,0,1471,0,0,7,1473,0,0,1472,0,0,0,0,0,0,0,0,0,0,0,0,0,0,0,0
168,0,0,1457,0,0,1458,0,0,0,0,0,0,0,0,0,0,0,0,0,0,0,0,0,0,0,0,0,0,0
169,6694,0,6695,6696,0,6697,0,0,0,6699,0,0,6698,0,0,0,0,0,0,0,0,0,0,0,0,0,0,0,0
170,1447,0,1448,1449,0,1450,0,0,7,1452,0,0,1451,0,0,0,0,0,0,0,0,0,0,0,0,0,0,0,0
171,1459,0,1460,1461,0,1462,0,0,7,1464,0,0,1463,0,0,0,0,0,7374,0,0,0,0,0,0,0,0,0,0
172,2512,0,2513,2514,0,2515,0,0,7,2517,0,0,2516,0,0,0,0,0,0,0,0,0,0,0,0,0,0,0,0
173,1644,0,1645,1646,0,1647,0,0,0,1649,433,0,1648,0,0,0,0,0,0,0,0,0,0,0,0,0,0,0,0
174,1977,0,1978,1979,0,1980,0,0,14,1982,0,0,1981,0,0,0,0,0,0,0,0,0,3700,0,0,0,0,0,0
175,0,0,0,0,0,0,0,0,0,0,0,0,0,0,0,0,0,0,0,0,0,0,0,0,0,0,0,0,0
176,0,0,0,0,0,3031,0,0,0,0,0,0,0,0,0,0,0,0,0,0,0,0,0,0,0,0,0,0,0
177,0,0,2521,0,0,0,0,0,0,0,0,0,0,0,0,0,0,0,0,0,0,0,0,0,0,0,0,0,0
178,1520,0,1521,1522,0,1523,0,0,12,1525,0,0,1524,0,0,0,0,0,0,0,0,0,0,0,0,0,0,0,0
179,1520,0,1521,1522,0,1523,0,0,12,1525,0,0,1524,0,0,0,0,0,0,0,0,0,0,0,0,0,0,0,0
180,2520,0,2522,0,0,0,0,0,0,0,0,0,0,0,0,0,0,0,0,0,0,0,0,0,0,0,0,0,0
181,1969,0,1970,1971,0,1972,0,0,6,1236,0,0,1973,0,0,0,0,0,0,0,0,0,0,0,0,0,0,0,0
182,2506,0,2507,2508,0,2509,0,0,8,2511,0,0,2510,0,0,0,0,0,7374,0,0,0,0,0,0,0,0,0,0
183,3184,0,3185,3186,0,3187,0,0,0,3189,0,0,3188,0,0,0,0,0,0,0,0,0,0,0,0,0,0,0,0
184,2651,0,2652,2653,0,2654,0,0,7,2656,0,0,2655,0,0,0,0,0,0,0,0,0,0,0,0,0,0,0,0
185,1323,0,1324,1325,0,1326,0,0,10,1328,0,0,1327,0,0,0,0,0,0,0,0,0,0,0,0,0,0,0,0
186,0,0,1027,0,0,1028,0,0,7,0,0,0,0,0,0,0,0,0,0,0,0,0,0,0,0,0,0,0,0
187,2651,0,2652,2653,0,2654,0,0,7,2656,0,0,2655,0,0,0,0,0,0,0,0,0,0,0,0,0,0,0,0
188,0,0,2304,0,0,2303,0,0,0,0,0,0,0,0,0,0,0,0,0,0,0,0,0,0,0,0,0,0,0
189,3364,0,3365,3366,0,3367,0,0,0,3369,3370,0,3368,0,0,0,0,0,0,0,0,0,0,0,0,0,0,0,0
190,0,0,0,0,0,0,0,0,0,0,0,0,0,0,0,0,0,0,0,0,0,0,0,0,0,0,0,0,0
191,3520,0,3521,3522,0,3523,0,0,6,3525,5059,0,3524,0,0,0,0,0,0,0,0,0,0,0,0,0,0,0,0
192,0,0,0,0,0,0,0,0,0,0,0,0,0,0,0,0,0,0,0,0,0,0,0,0,0,0,0,0,0
193,3680,0,3681,3682,0,3683,0,0,6,3685,0,0,3684,0,0,0,0,0,0,0,0,0,0,0,0,0,0,0,0
194,0,0,0,0,0,0,0,0,0,0,0,0,0,0,0,0,0,0,0,0,0,0,3350,0,0,0,0,0,0
196,643,0,644,645,0,647,0,0,8,643,0,0,643,0,0,648,0,0,0,0,0,0,0,0,0,0,0,0,0
197,725,0,726,727,0,728,0,0,10,729,0,0,729,0,0,0,0,0,0,0,0,0,0,0,0,0,0,0,0
198,715,0,716,717,0,718,0,0,13,719,0,0,719,0,0,0,0,0,0,0,0,0,0,0,0,0,0,0,0
199,0,0,0,0,0,0,0,0,0,0,0,0,0,0,0,0,0,0,0,0,0,0,0,0,0,0,0,0,0
200,0,0,0,0,0,0,0,0,0,0,0,0,0,0,0,0,0,0,0,0,0,0,0,0,0,0,0,0,0
201,0,0,0,0,0,0,0,0,0,0,0,0,0,0,0,0,0,0,0,0,0,0,0,0,0,0,0,0,0
202,3403,0,3404,3405,0,3406,0,0,0,0,0,0,0,0,0,0,0,0,0,0,0,0,0,0,0,0,0,0,0
203,0,0,0,0,0,0,0,0,10,0,0,0,0,3606,0,0,0,0,0,0,0,0,0,0,0,0,0,0,0
204,5356,0,5357,5358,0,5359,0,0,7,5361,0,0,5360,0,0,0,0,0,0,0,0,0,0,0,0,0,0,0,0
205,3408,0,3409,3410,0,3411,0,0,0,0,0,0,0,0,0,0,0,0,0,0,0,0,0,0,0,0,0,0,0
206,3425,0,3426,3427,0,3428,0,0,10,3430,0,0,3429,3425,0,0,0,0,0,0,0,0,0,0,0,0,0,0,0
207,0,0,0,0,0,0,0,0,0,0,0,0,0,0,0,0,0,0,0,0,0,0,0,0,0,0,0,0,0
227,3341,0,3342,3343,0,3344,0,0,11,3346,0,0,3345,0,0,0,0,0,0,0,0,0,0,0,0,0,0,0,0
247,0,0,0,0,0,0,0,0,0,0,0,0,0,0,0,0,0,0,0,0,0,0,0,0,0,0,0,0,0
248,0,0,0,0,0,0,0,0,0,0,0,0,0,0,0,0,0,0,0,0,0,0,0,0,0,0,0,0,0
267,0,0,3640,3640,0,3641,0,0,0,0,0,0,0,0,0,0,0,0,0,0,0,0,1454,0,0,0,0,0,0
287,1357,0,2934,2935,0,2936,0,0,7,1357,0,0,0,0,0,0,0,0,0,0,0,0,0,0,0,0,0,0,0
288,1357,0,1358,1359,0,1360,0,0,7,1357,0,0,0,0,0,0,0,0,0,0,0,0,0,0,0,0,0,0,0
289,1307,0,1308,1309,0,1310,0,0,7,1307,0,0,0,0,0,0,0,0,0,0,0,0,0,0,0,0,0,0,0
290,1357,0,1358,1359,0,1360,0,0,7,1357,0,0,0,0,0,0,0,0,0,0,0,0,0,0,0,0,0,0,0
291,1307,0,1308,2958,0,1310,0,0,7,1307,0,0,0,0,0,0,0,0,0,0,0,0,0,0,0,0,0,0,0
292,1307,0,1308,1309,0,1310,0,0,7,1307,0,0,0,0,0,0,0,0,0,0,0,0,0,0,0,0,0,0,0
293,1307,0,1308,1309,0,1310,0,0,7,1307,0,0,0,0,0,0,0,0,0,0,0,0,0,0,0,0,0,0,0
294,3275,0,3276,3277,0,3278,0,0,8,0,0,0,0,5517,0,0,0,0,0,0,0,0,0,0,0,0,0,0,0
295,3269,0,3270,3271,0,3272,0,0,8,0,0,0,0,5516,0,0,0,0,0,0,0,0,0,0,0,0,0,0,0
296,3307,0,3308,3309,0,3310,0,0,7,0,0,0,0,5527,0,0,0,0,0,0,0,0,0,0,0,0,0,0,0
297,3301,0,3302,3303,0,3304,0,0,7,0,0,0,0,5526,0,0,0,0,0,0,0,0,0,0,0,0,0,0,0
308,0,0,0,0,0,0,0,0,0,0,1103,0,0,0,0,0,0,0,0,0,0,0,0,0,0,0,0,0,0
309,3433,0,3434,3435,0,3436,0,0,157,3438,0,0,3437,0,0,0,0,0,0,0,0,0,0,0,0,0,0,0,0
328,448,0,450,454,0,449,0,0,0,455,3370,0,453,0,0,0,0,0,0,0,0,0,0,0,0,0,0,0,0
329,4494,0,4495,4496,0,4497,0,0,0,4499,0,0,4498,0,0,0,0,0,0,0,0,0,0,0,0,0,0,0,0
348,0,0,0,0,0,0,0,0,0,0,0,0,0,0,0,0,0,0,0,0,0,0,0,0,0,0,9097,9098,9096
349,1176,0,1177,1178,0,1179,0,0,7,1181,0,0,1180,0,0,0,0,0,0,0,0,0,0,0,0,0,0,0,0
350,3600,0,3601,3602,0,3603,0,0,0,3605,433,0,3604,0,0,0,0,0,0,0,0,0,0,0,0,0,0,0,0
351,0,0,0,0,0,0,0,0,0,0,0,0,0,0,0,0,0,0,0,0,0,0,0,0,0,0,0,0,0
352,0,0,0,0,0,0,0,0,0,0,0,0,0,0,0,0,0,0,0,0,0,0,0,0,0,0,0,0,0
353,0,0,0,0,0,0,0,0,0,0,0,0,0,0,0,0,0,0,0,0,0,0,0,0,0,0,0,0,0
354,0,0,0,0,0,0,0,0,0,0,0,0,0,0,0,0,0,0,0,0,0,0,0,0,0,0,0,0,0
368,3419,0,3420,3421,0,3422,0,0,0,3424,0,0,3423,0,0,0,0,0,0,0,0,0,0,0,0,0,0,0,0
369,1176,0,1177,1178,0,1179,0,0,7,1181,0,0,1181,0,0,0,0,0,0,0,0,0,0,0,0,0,0,0,0
370,0,0,0,0,0,0,0,0,0,0,0,0,0,0,0,0,0,0,0,0,0,0,0,0,0,0,0,0,0
388,3480,0,3481,3482,0,3483,0,0,6,3485,0,0,3484,0,0,0,0,0,0,0,0,0,0,0,0,0,0,0,0
389,0,0,0,0,0,0,0,0,0,0,0,0,0,0,0,0,0,0,0,0,0,0,0,0,0,0,0,0,0
390,4554,0,4555,4556,0,4557,0,0,0,4559,433,0,4558,0,0,0,0,0,0,0,0,0,0,0,0,0,0,0,0
391,6156,0,6157,6158,0,6159,0,0,6,6161,0,0,6160,0,0,0,0,6519,6519,0,0,0,0,0,0,0,0,0,0
392,0,0,0,0,0,0,0,0,0,0,0,0,0,0,0,0,0,0,0,0,0,0,0,0,0,0,0,0,0
408,1040,0,1041,1042,0,1043,0,0,10,1044,0,0,1044,0,0,0,0,0,0,0,0,0,0,0,0,0,0,0,0
428,3606,0,3607,3608,0,3609,0,0,10,3611,0,0,3610,3608,0,0,0,0,0,0,0,0,0,0,0,0,0,0,0
429,3560,0,3561,3562,0,3563,0,0,10,3565,0,0,3564,0,0,0,0,0,0,0,0,0,0,0,0,0,0,0,0
448,1040,0,1041,1042,0,1043,0,0,10,1044,0,0,1044,0,0,0,0,0,0,0,0,0,0,0,0,0,0,0,0
449,1403,0,1404,1405,0,1406,0,0,0,1408,0,0,1407,0,0,0,0,0,0,0,0,0,1453,0,0,0,0,0,0
468,4020,0,4021,4022,0,4023,0,0,157,4025,0,0,4024,0,0,0,0,0,0,0,0,0,0,0,0,0,0,0,0
488,1091,0,1092,1093,0,7314,0,0,7,1095,0,0,1095,0,0,0,0,0,0,0,0,0,0,0,0,0,0,0,0
508,4060,0,4061,4062,0,4063,0,0,0,4065,1103,0,4064,0,0,9003,0,0,0,0,0,0,0,0,0,0,0,0,0
528,3784,0,3785,3786,0,3787,0,0,0,3789,0,0,3788,0,0,0,0,0,0,0,0,0,3790,0,0,0,0,0,0
548,4000,0,4001,4002,0,4003,0,0,0,4005,5214,0,4004,0,0,0,0,0,0,0,0,0,0,0,0,0,0,0,0
568,4040,0,0,0,0,4041,0,0,0,4040,0,0,0,0,0,0,0,0,0,0,0,0,0,0,0,0,0,0,0
588,4314,0,4315,4316,0,4317,0,0,117,4319,0,0,4318,0,0,0,0,0,0,0,0,0,4320,0,0,0,0,0,0
608,0,0,0,0,0,0,0,0,0,0,0,0,0,0,0,0,0,0,0,0,0,0,0,0,0,0,0,0,0
628,0,0,0,0,0,0,0,0,0,0,0,0,0,0,0,0,0,0,0,0,0,0,0,0,0,0,0,0,0
629,0,0,0,0,0,0,0,0,0,0,0,0,0,0,0,0,0,0,0,0,0,0,0,0,0,0,0,0,0
648,0,0,0,0,0,0,0,0,0,0,0,0,0,0,0,0,0,0,0,0,0,0,0,0,0,0,0,0,0
668,772,0,773,774,0,775,0,0,7,771,0,0,771,0,0,0,0,0,0,0,0,0,0,0,0,0,0,0,0
688,4414,0,4415,4416,0,4417,0,0,117,4419,0,0,4418,4414,0,0,0,0,0,0,0,0,4420,0,0,0,0,0,0
708,2092,0,2088,2089,0,2518,0,0,14,2092,0,0,2091,0,0,0,0,0,0,0,0,0,4320,0,0,0,0,0,0
728,5757,0,5758,5759,0,5760,0,0,8,5762,0,0,5761,0,0,0,0,0,0,0,0,0,5763,0,0,0,0,0,0
748,0,0,0,0,0,7517,0,0,117,0,0,0,0,0,0,0,0,0,0,0,0,0,0,0,0,0,0,0,0
749,0,0,0,0,0,0,0,0,0,0,0,0,0,0,0,0,0,0,0,0,0,0,0,0,0,0,0,0,0
750,0,0,0,0,0,0,0,0,0,0,0,0,0,0,0,0,0,0,0,0,0,0,0,0,0,0,0,0,0
768,0,0,0,0,0,0,0,0,0,0,0,0,0,0,0,0,0,0,0,0,0,0,0,0,0,0,0,0,0
788,3364,0,3365,3366,0,3367,0,0,0,3369,1103,0,3368,0,0,0,0,0,0,0,0,0,0,0,0,0,0,0,0
789,0,0,0,0,0,0,0,0,0,0,0,0,0,0,0,0,0,0,0,0,0,0,0,0,0,0,0,0,0
808,0,0,0,0,0,0,0,0,0,0,0,0,0,0,0,0,0,0,0,0,0,0,0,0,0,0,0,0,0
809,2512,0,2513,387,0,2515,0,0,7,2517,0,0,2516,0,0,0,0,0,0,0,0,0,0,0,0,0,0,0,0
828,0,0,0,0,0,0,0,0,0,0,0,0,0,0,0,0,0,0,0,0,0,0,0,0,0,0,0,0,0
829,5038,0,5039,5040,0,5041,0,0,0,5043,0,0,5042,0,0,0,0,0,0,0,0,0,0,0,0,0,0,0,0
848,5045,0,5046,5047,0,5048,0,0,137,5050,0,0,5049,0,0,0,0,0,0,0,0,0,0,0,0,0,0,0,0
868,5888,0,5889,5890,0,5891,0,0,7,5893,0,0,5892,0,0,0,0,0,0,0,0,0,0,0,0,0,0,0,0
948,5790,0,5792,5794,0,5796,0,0,0,5800,0,0,5798,0,0,0,0,0,0,0,0,0,5817,0,0,0,0,0,0
968,0,0,0,0,0,0,0,0,0,0,0,0,0,0,0,0,0,0,0,0,0,0,0,0,0,0,0,0,0
988,0,0,0,0,0,0,0,0,0,0,0,0,0,0,0,0,0,0,0,0,0,0,0,0,0,0,0,0,0
1008,0,0,0,0,0,0,0,0,0,0,0,0,0,0,0,0,0,0,0,0,0,0,0,0,0,0,0,0,0
1028,3433,0,3434,3435,0,3436,0,0,157,3438,0,0,3437,0,0,0,0,0,0,0,0,0,0,0,0,0,0,0,0
1048,6427,0,6428,6429,0,6430,0,0,0,6431,1103,0,6431,0,0,0,0,0,0,0,0,0,0,0,0,0,0,0,0
1068,565,0,567,568,0,569,0,0,7,570,0,0,570,0,0,0,0,0,0,0,0,0,0,0,0,0,0,0,0
1088,643,0,644,645,0,646,0,0,7,0,0,0,0,0,0,0,0,0,0,0,0,0,0,0,0,0,0,0,0
1089,643,0,644,645,0,647,0,0,7,643,0,0,643,0,0,0,0,0,0,0,0,0,0,0,0,0,0,0,0
1108,448,0,450,451,0,449,0,0,6,5375,0,0,455,0,0,0,0,0,0,0,0,0,0,0,0,0,0,0,0
1128,30000,30001,30002,30003,0,30004,0,0,8,1415,0,0,1414,5513,0,0,0,0,0,0,0,0,0,0,0,0,0,0,0
1129,30005,30006,30007,30008,0,30009,0,0,8,0,0,0,0,5512,0,0,0,0,0,0,0,0,0,0,0,0,0,0,0
1148,1283,0,1284,1285,0,1286,0,0,0,1288,0,0,1287,0,0,0,0,0,0,0,0,0,1454,0,0,0,0,0,0
1168,0,0,0,0,0,0,0,0,0,0,0,0,0,0,0,0,0,0,0,0,0,0,0,0,0,0,0,0,0
1188,4060,0,4061,4062,0,4063,0,0,0,4065,1103,0,4064,0,0,0,0,0,0,0,0,0,0,0,0,0,0,0,0
1208,0,0,0,0,0,0,0,0,0,0,0,0,0,0,0,0,0,0,0,0,0,0,9128,0,0,0,0,0,0
1228,391,0,392,393,0,394,0,0,7,6017,0,0,1108,0,0,0,0,0,0,0,0,0,0,0,0,0,0,0,0
1248,643,0,644,645,0,647,0,0,7,643,0,0,0,648,0,0,0,0,0,0,0,0,0,0,0,0,0,0,0
1268,0,0,0,0,0,0,0,0,0,0,0,0,0,0,0,0,0,0,0,0,0,0,0,0,0,0,0,0,0
1288,0,0,0,0,0,0,0,0,10,0,0,0,0,3430,3430,0,0,0,0,0,0,0,0,0,0,0,0,0,0
1308,0,0,0,0,0,0,0,0,0,0,0,0,0,0,0,0,0,0,0,0,0,0,0,0,0,0,0,0,0
1328,367,0,370,371,0,369,0,0,6,368,0,0,368,0,0,0,0,0,0,0,0,0,0,0,0,0,0,0,0
1348,397,0,398,399,0,400,0,0,6,396,0,0,396,0,0,0,0,0,0,0,0,0,0,0,0,0,0,0,0
1368,6814,0,6815,6816,0,6817,0,0,6,6819,0,0,6818,0,0,0,0,0,0,0,0,0,6874,0,0,0,0,0,0
1388,0,0,0,0,0,0,0,0,0,0,0,0,0,0,0,0,0,0,0,0,0,0,0,0,0,0,0,0,0
1408,7134,0,7135,7136,0,7137,0,0,6,7139,0,0,7138,0,0,0,0,0,0,0,0,0,0,0,0,0,0,0,0
1409,0,0,0,0,0,0,0,0,0,0,0,0,0,0,0,0,0,0,0,0,0,0,6835,0,0,0,0,0,0
1428,3606,0,3607,3608,0,3609,0,0,10,3611,0,0,3606,3606,0,0,0,0,0,0,0,0,0,0,0,0,0,0,0
1448,7056,0,7057,7058,0,7059,0,0,0,7055,1103,0,0,0,0,0,0,0,0,0,0,0,0,0,0,0,0,0,0
1468,0,0,0,0,0,0,0,0,8,0,0,0,0,0,0,0,0,0,0,0,0,0,0,0,0,0,0,0,0
1469,0,0,0,0,0,0,0,0,8,0,0,0,0,0,0,0,0,0,0,0,0,0,0,0,0,0,0,0,0
1470,0,0,0,0,0,0,0,0,11,0,0,0,0,0,0,0,0,0,0,0,0,0,0,0,0,0,0,0,0
1488,0,0,0,0,0,0,0,0,0,0,0,0,0,0,0,0,0,0,0,0,0,0,0,0,0,0,0,0,0
1508,7554,0,0,0,0,7555,0,0,0,0,0,0,0,0,0,0,0,0,0,0,0,0,7556,0,0,0,0,0,0
1528,2937,0,2938,2939,0,2940,0,0,7,2937,0,0,0,0,0,0,0,0,0,0,0,0,0,0,0,0,0,0,0
1529,0,0,0,0,0,0,0,0,0,0,0,0,0,0,0,0,0,0,0,0,0,0,0,0,0,0,0,0,0
1530,7144,0,7145,7145,0,7143,0,0,0,0,0,0,0,0,0,0,0,0,0,0,0,0,0,0,0,0,0,0,0
1548,0,0,0,0,0,0,0,0,0,0,0,0,0,0,0,0,0,0,0,0,0,0,0,0,0,0,0,0,0
1549,0,0,0,0,0,0,0,0,0,0,0,0,0,0,0,0,0,0,0,0,0,0,0,0,0,0,0,0,0
1568,0,0,7494,7494,0,7495,0,0,0,0,0,0,0,0,0,0,0,0,0,0,0,0,7496,0,0,0,0,0,0
1588,0,0,0,0,0,0,0,0,7,0,0,0,0,771,771,0,0,0,0,0,0,0,0,0,0,0,0,0,0
1608,0,0,0,0,0,0,0,0,0,0,0,0,0,0,0,0,0,0,0,0,0,0,0,0,0,0,0,0,0
1628,209,0,211,212,0,213,0,0,6,210,0,0,210,0,0,0,0,0,0,0,0,0,0,0,0,0,0,0,0
1648,367,368,370,371,0,369,0,0,7,368,1103,0,367,0,0,0,0,0,0,0,0,0,0,0,0,0,0,0,0
1668,2512,0,2513,2514,0,2515,0,0,7,2517,0,0,2516,0,0,0,0,0,0,0,0,0,0,0,0,0,0,0,0
1688,766,0,767,768,0,769,0,0,8,770,0,0,770,0,0,0,0,0,0,0,0,0,1454,0,0,0,0,0,0
1708,8092,0,8093,8094,0,8095,0,0,6,8096,0,0,0,0,0,0,0,0,0,0,0,0,0,0,0,0,0,0,0
1728,0,0,0,0,0,0,0,0,0,0,0,0,0,0,0,0,0,0,0,0,0,0,7654,0,0,0,0,0,0
1748,0,0,0,0,0,0,0,0,0,0,0,0,0,0,0,0,0,0,0,0,0,0,0,0,0,0,0,0,0
1768,6814,0,6815,6816,0,6817,0,0,6,6819,0,0,6818,0,0,0,0,0,0,0,0,0,0,0,0,0,0,0,0
1788,1393,0,1394,1395,0,1396,0,0,0,1398,0,0,1397,0,0,0,0,0,0,0,0,0,0,0,0,0,0,0,0
1808,8157,0,8158,8159,0,8160,0,0,7,8162,0,0,8161,0,0,0,0,0,0,0,0,0,0,0,0,0,0,0,0
1828,391,0,392,393,0,394,0,0,7,0,0,0,0,391,391,0,0,0,0,0,0,0,0,0,0,0,0,0,0
1829,643,0,644,645,0,646,0,0,7,0,0,0,0,643,643,0,0,0,0,0,0,0,0,0,0,0,0,0,0
1830,3425,0,3426,3427,0,3428,0,0,10,0,0,0,0,3425,3425,0,0,0,0,0,0,0,0,0,0,0,0,0,0
1831,0,0,0,0,0,0,0,0,0,0,0,0,0,0,0,0,0,0,0,0,0,0,0,0,0,0,0,0,0
1832,4414,0,4415,4416,0,4417,0,0,117,0,0,0,0,4414,4414,0,0,0,0,0,0,0,4420,0,0,0,0,0,0
1833,704,0,705,706,0,707,0,0,7,0,0,0,0,704,704,0,0,0,0,0,0,0,0,0,0,0,0,0,0
1834,725,0,726,727,0,728,0,0,10,729,0,0,729,729,729,0,0,0,0,0,0,0,0,0,0,0,0,0,0
1848,8312,0,8313,8314,0,8315,0,0,6,8317,0,0,8316,0,0,0,0,0,0,0,0,0,0,0,0,0,0,0,0
1868,725,0,726,727,0,728,0,0,10,729,0,0,729,725,0,0,0,0,0,0,0,0,0,0,0,0,0,0,0
1869,725,0,726,727,0,728,0,0,10,0,0,0,0,725,725,0,0,0,0,0,0,0,0,0,0,0,0,0,0
1888,0,0,0,0,0,0,0,0,0,0,0,0,0,0,0,0,0,0,0,0,0,0,0,0,0,0,0,0,0
1889,0,0,0,0,0,0,0,0,0,0,0,0,0,0,0,0,0,0,0,0,0,0,0,0,0,0,0,0,0
1890,0,0,0,0,0,0,0,0,0,0,0,0,0,0,0,0,0,0,0,0,0,0,0,0,0,0,0,0,0
1908,0,0,0,0,0,0,0,0,0,0,0,0,0,1027,0,0,0,0,0,0,0,0,0,0,0,0,0,0,0
1928,0,0,0,0,0,0,0,0,0,0,0,0,0,0,0,0,0,0,0,0,0,0,0,0,0,0,0,0,0
1948,0,0,0,0,0,0,0,0,0,0,0,0,0,0,0,0,0,0,0,0,0,0,0,0,0,0,0,0,0
1968,8495,0,8496,8497,0,8498,0,0,0,8500,5214,0,8499,0,0,0,0,0,0,0,0,0,0,0,0,0,0,0,0
1969,0,0,0,0,0,0,0,0,0,0,0,0,0,0,0,0,0,0,0,0,0,0,0,0,0,0,0,0,0
1970,0,0,0,0,0,0,0,0,0,0,0,0,0,0,0,0,0,0,0,0,0,0,0,0,0,0,0,0,0
1988,8372,0,8373,8374,0,8375,0,0,6,8376,0,0,8377,0,0,0,0,0,0,0,0,0,0,0,0,0,0,0,0
2008,8432,0,8433,8434,0,8435,0,0,0,8436,0,0,0,0,0,0,0,0,0,0,0,0,8438,0,0,0,0,0,0
2028,8378,0,8379,8380,0,8381,0,0,6,8383,0,0,8382,0,0,0,0,0,0,0,0,0,0,0,0,0,0,0,0
2048,8441,0,8442,8443,0,8444,0,0,157,8445,0,0,0,0,0,0,0,0,0,0,0,0,0,0,0,0,0,0,0
2068,8446,0,8447,8448,0,8449,0,0,0,8450,1103,0,0,0,0,0,0,0,0,0,0,0,0,0,0,0,0,0,0
2088,3341,0,3342,3343,0,3344,0,0,11,3346,0,0,3345,0,0,0,0,0,0,0,0,0,0,0,0,0,0,0,0
2089,8465,0,8466,8467,0,8468,0,0,0,0,1103,0,0,0,0,0,0,0,0,0,0,0,0,0,0,0,0,0,0
2090,3364,0,3365,3366,0,3367,0,0,0,3369,3370,0,3368,0,0,0,0,0,0,0,0,0,0,0,0,0,0,0,0
2091,0,0,0,0,0,0,0,0,0,0,0,0,0,0,0,0,0,0,0,0,0,0,0,0,0,0,0,0,0
2092,0,0,0,0,0,0,0,0,0,0,0,0,0,0,0,0,0,0,0,0,0,0,0,0,0,0,0,0,0
2093,0,0,0,0,0,0,0,0,0,0,0,0,0,0,0,0,0,0,0,0,0,0,0,0,0,0,0,0,0
2094,0,0,0,0,0,0,0,0,16,0,0,0,0,0,0,0,0,0,0,0,0,0,0,0,0,0,0,0,0
2095,5356,0,5357,5358,0,5359,0,0,7,5361,0,0,5360,0,0,0,0,0,0,0,0,0,0,0,0,0,0,0,0
2096,5356,0,5357,5358,0,5359,0,0,7,5361,0,0,5360,0,0,0,0,0,0,0,0,0,0,0,0,0,0,0,0
2097,0,0,0,0,0,0,0,0,0,0,0,0,0,0,0,0,0,0,0,0,0,0,8712,0,0,0,0,0,0
2098,1393,0,1394,1395,0,1396,0,0,0,1398,0,0,1397,0,0,0,0,0,0,0,0,0,0,0,0,0,0,0,0
2099,8541,0,8542,8543,0,8544,0,0,0,8546,0,0,8545,0,0,0,0,0,0,0,0,0,4594,0,0,0,0,0,0
2100,8501,0,8502,8503,0,8504,0,0,6,8505,0,0,8505,0,0,0,0,0,0,0,0,0,0,0,0,0,0,0,0
2101,0,0,0,0,0,0,0,0,0,0,0,0,0,0,0,0,0,0,0,0,0,0,0,0,0,0,0,0,0
2102,8487,0,8488,8489,0,8490,0,0,0,8492,0,0,8491,0,0,0,0,0,0,0,0,0,0,0,0,0,0,0,0
2103,8495,0,8496,8497,0,8498,0,0,0,8500,5214,0,8499,0,0,0,0,0,0,0,0,0,0,0,0,0,0,0,0
2104,0,0,0,0,0,0,0,0,0,0,0,0,0,0,0,0,0,0,0,0,0,0,0,0,0,0,0,0,0
2105,1307,0,1308,1309,0,1310,0,0,7,1307,0,0,0,0,0,0,0,0,0,0,0,0,0,0,0,0,0,0,0
2106,8697,0,8698,8699,0,8700,0,0,0,8697,0,0,0,0,0,0,0,0,0,0,0,0,0,0,0,0,0,0,0
2107,0,0,0,0,0,0,0,0,0,0,0,0,0,0,0,0,0,0,0,0,0,0,0,0,0,0,0,0,0
2108,0,0,0,0,0,0,0,0,11,0,0,0,0,0,0,0,0,0,0,0,0,0,0,0,0,0,0,0,0
2109,0,0,0,0,0,0,0,0,0,0,0,0,0,0,0,0,0,0,0,0,0,0,0,0,0,0,0,0,0
2110,0,0,0,0,0,0,0,0,0,0,0,0,0,0,0,0,0,0,0,0,0,0,0,0,0,0,0,0,0
2111,0,0,0,0,0,0,0,0,0,0,0,0,0,0,0,0,0,0,0,0,0,0,0,0,0,0,0,0,0
2112,0,0,8542,8543,0,0,0,0,11,0,0,0,0,0,0,0,0,0,0,0,0,0,0,0,0,0,0,0,0
2113,0,0,0,0,0,0,0,0,0,0,0,0,0,0,0,0,0,0,0,0,0,0,0,0,0,0,0,0,0
2114,1091,0,1092,1093,0,1094,0,0,7,1134,0,0,1095,0,0,0,0,0,0,0,0,0,0,0,0,0,0,0,0
2115,0,0,0,0,0,0,0,0,0,0,0,0,0,8674,0,0,0,0,0,0,0,0,0,0,0,0,0,0,0
2116,0,0,0,0,0,0,0,0,0,0,0,0,0,0,0,0,0,0,0,0,0,0,0,0,0,0,0,0,0
2117,0,0,0,0,0,0,0,0,0,0,0,0,0,0,0,0,0,0,0,0,0,0,0,0,0,0,0,0,0
2118,0,0,0,0,0,0,0,0,0,0,0,0,0,0,0,0,0,0,0,0,0,0,0,0,0,0,0,0,0
2119,0,0,0,0,0,0,0,0,0,0,0,0,0,0,0,0,0,0,0,0,0,0,0,0,0,0,0,0,0
2120,6814,0,3365,3366,0,6817,0,0,6,6819,0,0,6818,0,0,0,0,0,0,0,0,0,0,0,0,0,0,0,0
2121,0,0,0,0,0,0,0,0,0,0,0,0,0,0,0,0,0,0,0,0,0,0,0,0,0,0,0,0,0
2122,0,0,0,0,0,0,0,0,0,0,0,0,0,0,0,0,0,0,0,0,0,0,0,0,0,0,0,0,0
2123,8704,0,8705,8706,0,8707,0,0,11,8704,0,0,0,0,0,0,0,0,0,0,0,0,0,0,0,0,0,0,0
2124,0,0,0,0,0,0,0,0,0,0,0,0,0,0,0,0,0,0,0,0,0,0,0,0,0,0,0,0,0
2125,8688,0,8689,8690,0,8691,0,0,0,8688,0,0,8688,0,0,0,0,0,0,0,0,0,8692,0,0,0,0,0,0
2126,0,0,0,0,0,0,0,0,0,0,0,0,0,0,0,0,0,0,0,0,0,0,0,0,0,0,0,0,0
2127,0,0,0,0,0,0,0,0,0,0,0,0,0,0,0,0,0,0,0,0,0,0,0,0,0,0,0,0,0
2128,0,0,0,0,0,0,0,0,0,0,0,0,0,0,0,0,0,0,0,0,0,0,0,0,0,0,0,0,0
2129,8726,0,8727,8728,0,8729,0,0,6,8726,5059,0,0,0,0,0,0,0,0,0,0,0,0,0,0,0,0,0,0
2130,8708,0,8709,8710,0,8711,0,0,6,8708,0,0,0,0,0,0,0,0,0,0,0,0,8713,0,0,0,0,0,0
2131,8714,0,8715,8716,0,8717,0,0,11,8714,0,0,0,0,0,0,0,0,0,0,0,0,0,0,0,0,0,0,0
2132,8718,0,8719,8720,0,8721,0,0,7,8718,0,0,0,0,0,0,0,0,0,0,0,0,0,0,0,0,0,0,0
2133,8722,0,8723,8724,0,8724,0,0,6,8722,0,0,0,0,0,0,0,0,0,0,0,0,0,0,0,0,0,0,0
2134,456,0,459,460,0,458,0,0,7,462,0,0,462,0,0,0,0,0,0,0,0,0,0,0,0,0,0,0,0
2135,8742,0,8743,8744,0,8745,0,0,0,8742,0,0,0,0,0,0,0,0,0,0,0,0,8747,0,0,0,0,0,0
2136,0,0,0,0,0,0,0,0,0,0,0,0,0,0,0,0,0,0,0,0,0,0,0,0,0,0,0,0,0
2137,0,0,0,0,0,8942,0,0,0,0,0,0,0,0,0,0,0,0,0,0,0,0,0,0,0,0,0,0,0
2138,8775,0,8776,8777,0,8778,0,0,6,8779,0,0,0,0,0,0,0,0,0,0,0,0,0,0,0,0,0,0,0
2139,0,0,0,0,0,0,0,0,0,0,0,0,0,0,0,0,0,0,0,0,0,0,0,0,0,0,0,0,0
2140,0,0,0,0,0,0,0,0,0,0,0,0,0,0,0,0,0,0,0,0,0,0,0,0,0,0,0,0,0
2141,0,0,0,0,0,0,0,0,0,0,0,0,0,0,0,0,0,0,0,0,0,0,0,0,0,0,0,0,0
2142,0,0,0,0,0,0,0,0,0,0,0,0,0,0,0,0,0,0,0,0,0,0,0,0,0,0,0,0,0
2143,3419,0,3420,3421,0,3422,0,0,0,3424,0,0,3423,0,0,0,0,0,0,0,0,0,0,0,0,0,0,0,0
2144,0,0,0,0,0,0,0,0,0,0,0,0,0,0,0,0,0,0,0,0,0,0,0,0,0,0,0,0,0
2145,0,0,0,0,0,9143,0,0,0,0,0,0,0,0,0,0,0,0,0,0,0,0,9144,0,0,0,0,0,0
2146,1329,0,1330,1331,0,1332,0,0,7,1334,0,0,1333,0,0,0,0,0,0,0,0,0,0,0,0,0,0,0,0
2147,0,0,0,0,0,0,0,0,0,0,8961,0,0,0,0,0,0,0,0,0,0,0,0,0,0,0,0,0,0
2148,1319,0,1320,1321,0,1322,0,0,7,1319,0,0,0,0,0,0,0,0,0,0,0,0,0,0,0,0,0,0,0
2149,9072,0,9073,9074,0,9075,0,0,6,9077,0,0,9076,0,0,0,0,0,0,0,0,0,9078,0,0,0,0,0,0
2150,9082,0,9083,9084,0,9085,0,0,7,9087,0,0,9086,0,0,0,0,0,0,0,0,0,9091,0,0,0,0,0,0
2151,0,0,0,0,0,0,0,0,0,0,0,0,0,0,0,0,0,0,0,0,0,0,0,0,0,0,0,0,0
2153,8984,0,8985,8986,0,8987,0,0,7,0,0,0,0,0,0,0,0,0,0,0,0,0,0,0,0,0,0,0,0
2154,8988,0,8989,8990,0,8991,0,0,7,0,0,0,0,0,0,0,0,0,0,0,0,0,0,0,0,0,0,0,0
2155,8996,0,8997,8998,0,8999,0,0,7,0,0,0,0,5511,0,0,0,0,0,0,0,0,0,0,0,0,0,0,0
2156,8992,0,8993,8994,0,8995,0,0,7,0,0,0,0,5510,0,0,0,0,0,0,0,0,0,0,0,0,0,0,0
2157,0,0,0,0,0,0,0,0,0,0,0,0,0,0,0,0,0,0,0,0,0,0,0,0,0,0,0,0,0
2158,0,0,0,0,0,0,0,0,0,0,0,0,0,0,0,0,0,0,0,0,0,0,0,0,0,0,0,0,0
2159,0,0,0,0,0,0,0,0,0,0,0,0,0,0,0,0,0,0,0,0,0,0,0,0,0,0,0,0,0
2160,0,0,0,0,0,0,0,0,0,0,0,0,0,0,0,0,0,0,0,0,0,0,0,0,0,0,0,0,0
2161,0,0,0,0,0,0,0,0,0,0,0,0,0,0,0,0,0,0,0,0,0,0,0,0,0,0,0,0,0
2162,0,0,0,0,0,0,0,0,0,0,0,0,0,0,0,0,0,0,0,0,0,0,0,0,0,0,0,0,0
2163,0,0,0,0,0,0,0,0,0,0,0,0,0,0,0,0,0,0,0,0,0,0,0,0,0,0,0,0,0
2164,0,0,0,0,0,0,0,0,0,0,0,0,0,0,0,0,0,0,0,0,0,0,0,0,0,0,0,0,0
2165,0,0,0,0,0,0,0,0,0,0,0,0,0,0,0,0,0,0,0,0,0,0,0,0,0,0,0,0,0
2166,0,0,0,0,0,0,0,0,0,0,0,0,0,0,0,0,0,0,0,0,0,0,0,0,0,0,0,0,0
2167,0,0,0,0,0,0,0,0,0,0,0,0,0,0,0,0,0,0,0,0,0,0,0,0,0,0,0,0,0
2168,0,0,0,0,0,0,0,0,0,0,0,0,0,0,0,0,0,0,0,0,0,0,0,0,0,0,0,0,0
2169,0,0,0,0,0,0,0,0,0,0,0,0,0,0,0,0,0,0,0,0,0,0,0,0,0,0,0,0,0
2170,0,0,0,0,0,0,0,0,0,0,0,0,0,0,0,0,0,0,0,0,0,0,0,0,0,0,0,0,0
2171,9092,0,9093,9094,0,9095,0,0,7,9092,0,0,9093,0,0,0,0,0,0,0,0,0,0,0,0,0,0,0,0
2172,0,0,0,0,0,0,0,0,0,0,0,0,0,0,0,0,0,0,0,0,0,0,0,0,0,0,0,0,0
2173,442,0,445,446,0,3641,0,0,0,447,433,0,447,0,0,0,0,0,0,0,0,0,0,0,0,0,0,0,0
2174,0,0,0,0,0,9130,0,0,0,0,0,0,0,0,0,0,0,0,0,0,0,0,9129,0,0,0,0,0,0
2175,0,0,0,0,0,0,0,0,0,0,0,0,0,0,0,0,0,0,0,0,0,0,0,0,0,0,0,0,0
2176,766,0,767,768,0,769,0,0,8,770,0,0,766,0,0,0,0,0,0,0,0,0,0,0,0,0,0,0,0
2177,0,0,0,0,0,0,0,0,0,0,0,0,0,0,0,0,0,0,0,0,0,0,0,0,0,0,0,0,0
2178,0,0,0,0,0,0,0,0,0,0,0,0,0,0,0,0,0,0,0,0,0,0,0,0,0,0,0,0,0
2179,9072,0,9073,9074,0,9075,0,0,6,9077,0,0,9076,0,0,0,0,0,0,0,0,0,9078,0,0,0,0,0,0
2180,586,0,587,588,0,589,0,0,0,586,433,0,589,0,0,0,0,0,0,0,0,0,0,0,0,0,0,0,0
2181,0,0,0,0,0,0,0,0,0,0,0,0,0,0,0,0,0,0,0,0,0,0,0,0,0,0,0,0,0
2182,0,0,0,0,0,0,0,0,0,0,0,0,0,0,0,0,0,0,0,0,0,0,0,0,0,0,0,0,0
2183,0,0,0,0,0,0,0,0,0,0,0,0,0,0,0,0,0,0,0,0,0,0,0,0,0,0,0,0,0
2184,0,0,0,0,0,0,0,0,0,0,0,0,0,0,0,0,0,0,0,0,0,0,0,0,0,0,0,0,0
2185,0,0,0,0,0,0,0,0,0,0,0,0,0,0,0,0,0,0,0,0,0,0,0,0,0,0,0,0,0
2186,9092,0,9093,9094,0,9095,0,0,7,9092,0,0,9093,0,0,0,0,0,0,0,0,0,0,0,0,0,0,0,0
2187,1403,0,1404,1405,0,1406,0,0,0,1408,0,0,1403,0,0,0,0,0,0,0,0,0,1453,0,0,0,0,0,0
2188,0,0,0,0,0,0,0,0,0,0,0,0,0,0,0,0,0,0,0,0,0,0,0,0,0,0,0,0,0
2189,0,0,0,0,0,0,0,0,0,0,0,0,0,0,0,0,0,0,0,0,0,0,0,0,0,0,0,0,0
2190,0,0,0,0,0,0,0,0,0,0,0,0,0,0,0,0,0,0,0,0,0,0,0,0,0,0,0,0,0
2191,0,0,0,0,0,0,0,0,0,0,0,0,0,0,0,0,0,0,0,0,0,0,0,0,0,0,0,0,0
2192,0,0,0,0,0,0,0,0,0,0,0,0,0,0,0,0,0,0,0,0,0,0,0,0,0,0,0,0,0
2193,0,0,0,0,0,0,0,0,0,0,0,0,0,0,0,0,0,0,0,0,0,0,0,0,0,0,0,0,0
2194,9351,0,9355,9356,0,9353,0,9354,6,9349,0,0,9350,0,0,0,0,0,0,0,0,0,0,0,0,0,0,0,0
2195,0,0,0,0,0,0,0,0,0,0,0,0,0,0,0,0,0,0,0,0,0,0,0,0,0,0,0,0,0
2196,1459,0,1460,1461,0,1462,0,0,0,1464,0,0,1463,0,0,0,0,0,0,0,0,0,0,0,0,0,0,0,0
2197,0,0,0,0,0,0,0,0,0,0,0,0,0,0,0,0,0,0,0,0,0,0,0,0,0,0,0,0,0
2198,9157,0,9158,9159,0,9160,0,0,7,9162,0,0,9161,0,0,0,0,0,0,0,0,0,9163,0,0,0,0,0,0
2199,0,0,0,0,0,0,0,0,0,0,0,0,0,0,0,0,0,0,0,0,0,0,0,0,0,0,0,0,0
2200,0,0,0,0,0,0,0,0,0,0,0,0,0,0,0,0,0,0,0,0,0,0,0,0,0,0,0,0,0
2201,0,0,0,0,0,0,0,0,0,0,0,0,0,0,0,0,0,0,0,0,0,0,0,0,0,0,0,0,0
2202,0,0,0,0,0,0,0,0,0,0,0,0,0,0,0,0,0,0,0,0,0,0,0,0,0,0,0,0,0
2203,429,0,430,431,0,432,0,0,0,428,433,0,429,0,0,0,0,0,0,0,0,0,0,0,0,0,0,0,0
2204,0,0,0,0,0,0,0,0,0,0,0,0,0,0,0,0,0,0,0,0,0,0,0,0,0,0,0,0,0
2205,0,0,0,0,0,0,0,0,0,0,0,0,0,0,0,0,0,0,0,0,0,0,0,0,0,0,0,0,0
2206,0,0,0,0,0,0,0,0,0,0,0,0,0,0,0,0,0,0,0,0,0,0,0,0,0,0,0,0,0
2207,0,0,0,0,0,0,0,0,0,0,0,0,0,0,0,0,0,0,0,0,0,0,0,0,0,0,0,0,0
2208,0,0,0,0,0,0,0,0,0,0,0,0,0,0,0,0,0,0,0,0,0,0,0,0,0,0,0,0,0
2209,0,0,0,0,0,0,0,0,0,0,0,0,0,0,0,0,0,0,0,0,0,0,0,0,0,0,0,0,0
2210,0,0,0,0,0,0,0,0,0,0,0,0,0,0,0,0,0,0,0,0,0,0,0,0,0,0,0,0,0
2211,9164,9164,9171,9172,0,0,0,0,7,0,0,0,0,0,0,0,0,0,0,0,0,0,0,0,0,0,0,0,0
2212,9177,9177,9181,9182,0,0,0,0,7,0,0,0,0,0,0,0,0,0,0,0,0,0,0,0,0,0,0,0,0
2213,9189,9189,9193,9194,0,0,0,0,7,0,0,0,0,0,0,0,0,0,0,0,0,0,0,0,0,0,0,0,0
2214,9197,9197,9202,9203,0,0,0,0,7,0,0,0,0,0,0,0,0,0,0,0,0,0,0,0,0,0,0,0,0
2215,9205,9205,9209,9210,0,0,0,0,6,0,0,0,0,0,0,0,0,0,0,0,0,0,0,0,0,0,0,0,0
2216,9212,9212,9216,9217,0,0,0,0,7,0,0,0,0,0,0,0,0,0,0,0,0,0,0,0,0,0,0,0,0
2217,9219,9219,9225,9226,0,0,0,0,7,0,0,0,0,0,0,0,0,0,0,0,0,0,0,0,0,0,0,0,0
2218,9228,9228,9231,9232,0,0,0,0,7,0,0,0,0,0,0,0,0,0,0,0,0,0,0,0,0,0,0,0,0
2219,9234,9234,9239,9240,0,0,0,0,7,0,0,0,0,0,0,0,0,0,0,0,0,0,0,0,0,0,0,0,0
2220,9243,9243,9252,9253,0,0,0,0,7,0,0,0,0,0,0,0,0,0,0,0,0,0,0,0,0,0,0,0,0
2221,9255,9255,9258,9259,0,0,0,0,7,0,0,0,0,0,0,0,0,0,0,0,0,0,0,0,0,0,0,0,0
2222,9261,9261,9266,9267,0,0,0,0,7,0,0,0,0,0,0,0,0,0,0,0,0,0,0,0,0,0,0,0,0
2223,9269,9269,9272,9273,0,0,0,0,7,0,0,0,0,0,0,0,0,0,0,0,0,0,0,0,0,0,0,0,0
2224,9274,9274,9279,9280,0,0,0,0,7,0,0,0,0,0,0,0,0,0,0,0,0,0,0,0,0,0,0,0,0
2225,0,0,0,0,0,0,0,0,0,0,0,0,0,0,0,0,0,0,0,0,0,0,0,0,0,0,0,0,0
2226,0,0,0,0,0,0,0,0,0,0,0,0,0,0,0,0,0,0,0,0,0,0,0,0,0,0,0,0,0
2227,0,0,0,0,0,0,0,0,0,0,0,0,0,0,0,0,0,0,0,0,0,0,0,0,0,0,0,0,0
2228,0,0,0,0,0,0,0,0,0,0,0,0,0,0,0,0,0,0,0,0,0,0,0,0,0,0,0,0,0
2229,0,0,0,0,0,0,0,0,0,0,0,0,0,0,0,0,0,0,0,0,0,0,0,0,0,0,0,0,0
2230,0,0,0,0,0,0,0,0,0,0,0,0,0,0,0,0,0,0,0,0,0,0,0,0,0,0,0,0,0
2231,0,0,0,0,0,0,0,0,0,0,0,0,0,0,0,0,0,0,0,0,0,0,0,0,0,0,0,0,0
2232,0,0,726,727,0,0,0,0,10,0,0,0,0,0,0,0,0,725,725,0,0,0,0,0,0,0,0,0,0
2233,0,0,0,0,0,0,0,0,0,0,0,0,0,0,0,0,0,0,0,0,0,0,0,0,0,0,0,0,0
2234,0,0,0,0,0,0,0,0,0,0,0,0,0,0,0,0,0,0,0,0,0,0,0,0,0,0,0,0,0
2235,0,0,0,0,0,0,0,0,0,0,0,0,0,0,0,0,0,0,0,0,0,0,0,0,0,0,0,0,0
2236,0,0,0,0,0,0,0,0,0,0,0,0,0,0,0,0,0,0,0,0,0,0,0,0,0,0,0,0,0
2237,0,0,0,0,0,0,0,0,0,0,0,0,0,0,0,0,0,0,0,0,0,0,0,0,0,0,0,0,0
2238,0,0,0,0,0,0,0,0,0,0,0,0,0,0,0,0,0,0,0,0,0,0,0,0,0,0,0,0,0
2239,0,0,0,0,0,0,0,0,0,0,0,0,0,0,0,0,0,0,0,0,0,0,0,0,0,0,0,0,0
2240,0,0,0,0,0,0,0,0,0,0,0,0,0,0,0,0,0,0,0,0,0,0,0,0,0,0,0,0,0
2241,0,0,0,0,0,0,0,0,0,0,0,0,0,0,0,0,0,0,0,0,0,0,0,0,0,0,0,0,0
2242,0,0,0,0,0,0,0,0,0,0,0,0,0,0,0,0,0,0,0,0,0,0,0,0,0,0,0,0,0
2243,0,0,0,0,0,0,0,0,0,0,0,0,0,0,0,0,0,0,0,0,0,0,0,0,0,0,0,0,0
2244,0,0,0,0,0,0,0,0,0,0,0,0,0,0,0,0,0,0,0,0,0,0,0,0,0,0,0,0,0
2245,0,0,0,0,0,0,0,0,0,0,0,0,0,0,0,0,0,0,0,0,0,0,0,0,0,0,0,0,0
2246,0,0,0,0,0,0,0,0,0,0,0,0,0,0,0,0,0,0,0,0,0,0,0,0,0,0,0,0,0
2247,0,0,0,0,0,0,0,0,0,0,0,0,0,0,0,0,0,0,0,0,0,0,0,0,0,0,0,0,0
2248,0,0,0,0,0,0,0,0,0,0,0,0,0,0,0,0,0,0,0,0,0,0,0,0,0,0,0,0,0
2249,0,0,0,0,0,0,0,0,0,0,0,0,0,0,0,0,0,0,0,0,0,0,0,0,0,0,0,0,0
2250,0,0,0,0,0,0,0,0,0,0,0,0,0,0,0,0,0,0,0,0,0,0,0,0,0,0,0,0,0
2251,0,0,0,0,0,0,0,0,0,0,0,0,0,0,0,0,0,0,0,0,0,0,0,0,0,0,0,0,0
2252,0,0,0,0,0,0,0,0,0,0,0,0,0,0,0,0,0,0,0,0,0,0,0,0,0,0,0,0,0
2253,0,0,0,0,0,0,0,0,0,0,0,0,0,0,0,0,0,0,0,0,0,0,0,0,0,0,0,0,0
2254,0,0,0,0,0,0,0,0,0,0,0,0,0,0,0,0,0,0,0,0,0,0,0,0,0,0,0,0,0
5000,12377,0,12379,12380,0,12399,0,0,7,0,0,0,0,0,0,0,0,0,0,0,0,0,0,0,0,0,0,0,0
5001,9433,0,9434,9435,0,9436,0,0,7,9438,0,0,9437,0,0,0,0,0,0,0,0,0,0,0,0,0,0,0,0
5002,11396,0,11397,11398,0,595,0,0,7,0,0,0,0,0,0,0,0,0,0,0,0,0,0,0,0,0,0,0,0
5003,11275,0,11276,12416,0,8999,0,0,7,0,0,0,0,0,0,0,0,0,0,0,0,0,0,0,0,0,0,0,0
5004,10667,0,10668,10669,0,10670,0,0,7,10672,0,0,10671,0,0,0,0,0,0,0,0,0,0,0,0,0,0,0,0
5005,10673,0,10674,10675,0,10678,0,0,7,10677,0,0,10676,0,0,0,0,0,0,0,0,0,0,0,0,0,0,0,0
5006,11584,0,11585,11586,0,10788,0,0,7,0,0,0,0,0,0,0,0,0,0,0,0,0,0,0,0,0,0,0,0
5007,10097,0,10098,10099,0,10100,0,0,7,10101,0,0,0,0,0,0,0,0,0,0,0,0,0,0,0,0,0,0,0
5008,30111,0,30114,30115,0,30116,0,0,7,30110,0,0,30109,0,0,0,0,0,0,0,0,0,0,0,0,0,0,0,0
5010,30212,0,30213,0,0,30214,0,0,7,30211,0,0,30210,0,0,0,0,0,0,0,0,0,0,0,0,0,0,0,0
5011,10820,0,10821,0,0,10822,0,0,0,0,0,0,0,0,0,0,0,0,0,0,0,0,10823,0,0,0,0,0,0