id,flags,modelName,sizeClass,modelScale,bloodId,footprintTextureId,footprintTextureLength,footprintTextureWidth,footprintTextureScale,foleyMaterialId,footstepShakeSize,deathThudShakeSize,collisionWidth,collisionHeight,mountHeight
1,10,"Creature\Basilisk\Basilisk.mdx",1,1,1,7,18,12,1,0,0,0,1.401298464324817e-45,0.6944000124931335,2.0829999446868896
2,2,"Creature\BogBeast\BogBeast.mdx",1,1,1,-1,18,12,1,0,0,0,2.802596928649634e-45,0.6944000124931335,2.0829999446868896
3,2,"Creature\Centaur\Centaur.mdx",1,1,1,-1,18,12,1,0,0,0,4.203895392974451e-45,0.6944000124931335,2.0829999446868896
4,2,"Creature\CrystalSpider\CrystalSpider.mdx",1,1,1,0,18,12,1,0,0,0,5.605193857299268e-45,0,0
5,2,"Creature\DarkHound\DarkHound.mdx",1,1,1,-1,18,12,1,0,0,0,7.006492321624085e-45,0.6111000180244446,1.6670000553131104
6,9,"Creature\DragonWhelp\DragonWhelp.mdx",0,1,1,-1,18,12,1,0,0,0,8.407790785948902e-45,0.6944000124931335,2.0829999446868896
8,0,"Creature\furbolg\Furbolg.mdx",1,1,1,7,18,12,1,0,0,0,1.1210387714598537e-44,0.6944000124931335,2.0829999446868896
9,3,"Creature\Ghost\Ghost.mdx",1,1,1,-1,18,12,1,0,0,0,1.2611686178923354e-44,0.6944000124931335,2.0829999446868896
10,0,"Creature\Gnoll\gnoll.mdx",1,1,1,7,18,12,1,0,0,0,1.401298464324817e-44,0.6944000124931335,2.0829999446868896
11,0,"Creature\Grell\Grell.mdx",0,1,1,4,18,12,1,0,0,0,1.5414283107572988e-44,0.4722000062465668,1.527999997138977
12,1,"Creature\Harpy\Harpy.mdx",1,1,1,-1,18,12,1,0,0,0,1.6815581571897805e-44,0.6944000124931335,2.0829999446868896
13,0,"Creature\HUFMCitizenLow\HUFMCitizenLow.mdx",1,1,1,1,18,12,1,0,0,0,1.8216880036222622e-44,0.5097000002861023,2.0309998989105225
14,0,"Creature\HUFMCitizenMid\HUFMCitizenMid.mdx",1,1,1,1,18,12,1,0,0,0,1.961817850054744e-44,0.5097000002861023,2.0309998989105225
15,0,"Creature\HUFMMerchant\HUFMMerchant.mdx",1,1,1,1,18,12,1,0,0,0,2.1019476964872256e-44,0.5097000002861023,2.0309998989105225
16,0,"Creature\HumanThief\HumanThief.mdx",1,1,1,1,18,12,1,0,0,0,2.2420775429197073e-44,0.6944000124931335,2.0829999446868896
17,0,"Creature\HUMLBlackSmith\HUMLBlackSmith.mdx",1,1,1,1,18,12,1,0,0,0,2.382207389352189e-44,0.5097000002861023,2.0309998989105225
18,0,"Creature\HUMLMagicSmith\HUMLMagicSmith.mdx",1,1,1,1,18,12,1,0,0,0,2.5223372357846707e-44,0.5097000002861023,2.0309998989105225
19,0,"Creature\HUMLMerchant\HUMLMerchant.mdx",1,1,1,1,18,12,1,0,0,0,2.6624670822171524e-44,0.5097000002861023,2.0309998989105225
20,0,"Creature\HUMLUpperCitizen\HUMLUpperCitizen.mdx",1,1,1,1,18,12,1,0,0,0,2.802596928649634e-44,0.5097000002861023,2.0309998989105225
21,0,"Creature\HUMNGuardBig\HUMNGuardBig.mdx",1,1,1,1,18,12,1,0,0,0,2.942726775082116e-44,0.5097000002861023,2.0309998989105225
22,0,"Creature\HUMSCitizenMid\HUMSCitizenMid.mdx",1,1,1,1,18,12,1,0,0,0,3.0828566215145976e-44,0.5097000002861023,2.0309998989105225
23,0,"Creature\HUMSMerchant\HUMSMerchant.mdx",1,1,1,1,18,12,1,0,0,0,3.2229864679470793e-44,0.5097000002861023,2.0309998989105225
24,2,"Creature\Infernal\Infernal.mdx",1,1,1,5,18,12,1,0,0,10,3.363116314379561e-44,0,0
25,0,"Creature\KeeperOfTheGrove\KeeperOfTheGrove.mdx",1,1,1,6,18,12,1,0,0,0,3.5032461608120427e-44,0.6944000124931335,2.0829999446868896
26,0,"Creature\Kobold\Kobold.mdx",0,1,1,1,18,12,1,0,0,0,3.6433760072445244e-44,0.6944000124931335,1.3890000581741333
27,0,"Creature\Kodobeast\KodoBeast.mdx",3,1,1,1,18,12,1,0,1,10,3.783505853677006e-44,0.6944000124931335,2.0829999446868896
28,2,"Creature\LavaSpider\LavaSpider.mdx",1,1,1,-1,18,12,1,0,0,0,3.923635700109488e-44,0,0
29,0,"Creature\LostOne\LostOne.mdx",1,1,1,4,18,12,1,0,0,0,4.0637655465419695e-44,0.6944000124931335,2.0829999446868896
30,2,"Creature\MineSpider\MineSpider.mdx",1,1,2,-1,18,12,1,0,0,0,4.203895392974451e-44,0.6944000124931335,2.0829999446868896
31,0,"Creature\Murloc\Murloc.mdx",1,1,1,4,18,12,1,0,0,0,4.344025239406933e-44,0.6944000124931335,1.3890000581741333
32,0,"Creature\Ogre\Ogre.mdx",3,1,1,4,18,12,1,0,0,10,4.484155085839415e-44,0.75,2.3610000610351562
33,8,"Creature\Ogre\OgreMage.mdx",3,1,1,1,18,12,1,0,0,10,4.624284932271896e-44,0.75,2.3610000610351562
34,0,"Creature\Raptor\Raptor.mdx",1,1,1,5,18,12,1,0,0,0,4.764414778704378e-44,0.6944000124931335,2.0829999446868896
35,2,"Creature\SeaGiant\SeaGiant.mdx",4,1,1,4,18,12,1,0,1,11,4.90454462513686e-44,0.6944000124931335,2.0829999446868896
36,1,"Creature\SILITHID\Silithid.mdx",1,1,2,1,1,1,1,0,0,0,5.044674471569341e-44,0.6944000124931335,2.0829999446868896
37,2,"Creature\Succubus\Succubus.mdx",1,1,1,3,18,12,1,0,0,0,5.184804318001823e-44,0.6944000124931335,2.0829999446868896
38,2,"Creature\Tallstrider\TallStrider.mdx",1,1,1,5,18,12,1,0,0,0,5.324934164434305e-44,0.6944000124931335,2.0829999446868896
39,2,"Creature\TitanFemale\TitanFemale.mdx",4,1,1,1,18,12,1,0,10,11,5.465064010866787e-44,0.6944000124931335,2.0829999446868896
40,2,"Creature\TitanMale\TitanMale.mdx",3,1,1,1,18,12,1,0,1,12,5.605193857299268e-44,0.6944000124931335,2.0829999446868896
41,0,"Creature\Troglodyte\Troglodyte.mdx",1,1,1,4,18,12,1,0,0,0,5.74532370373175e-44,0.6944000124931335,2.0829999446868896
42,0,"Creature\Troll\Troll.mdx",1,1,1,1,18,12,1,0,0,0,5.885453550164232e-44,0.6944000124931335,2.0829999446868896
43,0,"Creature\Wolf\Wolf.mdx",1,1,1,7,9,6,1,0,0,0,6.025583396596713e-44,0.6944000124931335,2.0829999446868896
44,0,"Creature\Worgen\Worgen.mdx",1,1,1,7,18,12,1,0,0,0,6.165713243029195e-44,1.1109999418258667,2.125999927520752
45,2,"Creature\Ghoul\Ghoul.mdx",1,1,2,1,18,12,1,0,0,0,6.305843089461677e-44,0.666700005531311,1.86899995803833
47,0,"Creature\DragonSpawn\DragonSpawn.mdx",1,1,1,5,18,12,1,0,0,0,6.58610278232664e-44,0.6944000124931335,2.0829999446868896
49,4,"Character\Human\Male\HumanMale.mdx",1,1,1,1,10,14,1,0,0,0,6.866362475191604e-44,0.6111000180244446,2.0309998989105225
50,4,"Character\Human\Female\HumanFemale.mdx",1,1,1,1,9,12,1,0,0,0,7.006492321624085e-44,0.41670000553131104,1.9129999876022339
51,4,"Character\Orc\Male\OrcMale.mdx",1,1,1,1,14,14,1,0,0,0,7.146622168056567e-44,0.75,2.3610000610351562
52,4,"Character\Orc\Female\OrcFemale.mdx",1,1,1,1,10,12,1,0,0,0,7.286752014489049e-44,0.4722000062465668,2.0510001182556152
53,4,"Character\Dwarf\Male\DwarfMale.mdx",1,1,1,1,12,10,1,0,0,0,7.42688186092153e-44,0.6944000124931335,1.6670000553131104
54,4,"Character\Dwarf\Female\DwarfFemale.mdx",1,1,1,1,12,10,1,0,0,0,7.567011707354012e-44,0.44440001249313354,1.527999997138977
55,4,"Character\NightElf\Male\NightElfMale.mdx",1,1,1,1,12,18,1,0,0,0,7.707141553786494e-44,0.7778000235557556,2.437999963760376
56,4,"Character\NightElf\Female\NightElfFemale.mdx",1,1,1,1,9,11,1,0,0,0,7.847271400218976e-44,0.5555999875068665,2.25
57,4,"Character\Scourge\Male\ScourgeMale.mdx",1,1,2,1,12,10,1,0,0,0,7.987401246651457e-44,0.6944000124931335,1.8609999418258667
58,4,"Character\Scourge\Female\ScourgeFemale.mdx",1,1,2,1,12,10,1,0,0,0,8.127531093083939e-44,0.41670000553131104,1.843999981880188
59,4,"Character\Tauren\Male\TaurenMale.mdx",1,1,1,3,18,18,2,0,0,0,8.267660939516421e-44,0.5903000235557556,1.652999997138977
60,4,"Character\Tauren\Female\TaurenFemale.mdx",1,1.25,1,3,14,14,2,0,0,0,8.407790785948902e-44,0.666700005531311,2.1110000610351562
61,10,"Creature\CarrionBird\CarrionBird.mdx",0,1,1,1,18,12,1,0,0,0,8.547920632381384e-44,0.6944000124931335,2.0829999446868896
62,8,"Creature\Hydra\Hydra.mdx",3,1,1,1,18,12,1,0,0,10,8.688050478813866e-44,0.6944000124931335,2.0829999446868896
63,2,"Creature\Tarantula\Tarantula.mdx",1,1,1,1,18,12,1,0,0,0,8.828180325246348e-44,0.6944000124931335,2.0829999446868896
64,2,"SoundTest.mdx",1,1,1,1,18,12,1,0,0,0,8.96831017167883e-44,0,0
65,0,"Creature\Horse\Horse.mdx",1,1,1,6,18,12,1,0,0,0,9.10844001811131e-44,0.9444000124931335,2.7780001163482666
66,0,"Creature\Boar\Boar.mdx",0,1,1,3,9,6,1,0,0,0,9.248569864543793e-44,0.6944000124931335,2.0829999446868896
67,0,"Creature\AncientProtector\AncientProtector.mdx",3,1,2,3,18,12,1,0,1,11,9.388699710976274e-44,0.6944000124931335,2.0829999446868896
68,0,"Creature\DoomGuard\DoomGuard.mdx",1,1,1,3,18,12,1,0,0,0,9.528829557408756e-44,0.6944000124931335,2.0829999446868896
69,3,"Creature\ElementalEarth\ElementalEarth.mdx",1,1,1,3,18,12,1,0,0,0,9.668959403841238e-44,0.6944000124931335,2.0829999446868896
70,2,"Creature\Skeleton\Skeleton.mdx",1,1,1,1,18,12,1,0,0,0,9.80908925027372e-44,0.6944000124931335,2.0829999446868896
71,2,"Creature\GolemHarvest\GolemHarvest.mdx",1,1,3,1,18,12,1,0,0,0,9.949219096706201e-44,0.6944000124931335,2.0829999446868896
72,2,"Creature\GolemHarvestStage2\GolemHarvestStage2.mdx",1,1,3,1,18,12,1,0,0,0,1.0089348943138683e-43,0.6944000124931335,2.0829999446868896
73,1,"Creature\DireWolf\DireWolf.mdx",1,1,1,7,24,18,1,0,0,0,1.0229478789571165e-43,0.6944000124931335,2.0829999446868896
74,0,"Creature\HumanMalePeasant\HumanMalePeasant.mdx",1,1,1,4,12,10,1,0,0,0,1.0369608636003646e-43,0.5097000002861023,2.0309998989105225
75,1,"Creature\WindSerpent\WindSerpent.mdx",2,1,1,5,18,12,1,0,0,0,1.0509738482436128e-43,0.6944000124931335,2.0829999446868896
76,9,"Creature\Frenzy\Frenzy.mdx",1,1,1,-1,18,12,1,0,0,0,1.064986832886861e-43,0.6944000124931335,1.3890000581741333
77,0,"Creature\Dryad\Dryad.mdx",1,1,1,6,18,12,1,0,0,0,1.0789998175301091e-43,0.6944000124931335,2.0829999446868896
78,0,"Creature\Satyr\Satyr.mdx",1,1,1,3,18,12,1,0,0,0,1.0930128021733573e-43,0.6944000124931335,2.0829999446868896
79,0,"Creature\HumanMaleKid\HumanMaleKid.mdx",1,1,1,4,18,12,1,0,0,0,1.1070257868166055e-43,0.36809998750686646,1.305999994277954
80,0,"Creature\HumanFemaleKid\HumanFemaleKid.mdx",1,1,1,4,18,12,1,0,0,0,1.1210387714598537e-43,0.36809998750686646,1.194000005722046
81,3,"Creature\Slime\Slime.mdx",1,1,2,-1,18,12,1,0,0,0,1.1350517561031018e-43,0.6944000124931335,2.0829999446868896
82,0,"Creature\Tiger\Tiger.mdx",1,1,1,7,18,12,1,0,0,0,1.14906474074635e-43,0.6944000124931335,2.0829999446868896
83,8,"Creature\bear\Bear.mdx",1,1,1,7,18,12,1,0,0,0,1.1630777253895982e-43,0.6944000124931335,1.8140000104904175
84,2,"Creature\GolemStone\GolemStone.mdx",1,1,3,-1,18,12,1,0,0,10,1.1770907100328463e-43,0.6944000124931335,2.0829999446868896
85,1,"Creature\Wyvern\Wyvern.mdx",1,1,1,-1,18,12,1,0,0,0,1.1911036946760945e-43,0.6944000124931335,2.0829999446868896
86,0,"Creature\HumanMalePeasant\HumanMalePeasantAxe.mdx",1,1,1,1,18,12,1,0,0,0,1.2051166793193427e-43,0.5097000002861023,2.0309998989105225
87,0,"Creature\HumanMalePeasant\HumanMalePeasantGold.mdx",1,1,1,1,18,12,1,0,0,0,1.2191296639625909e-43,0.5097000002861023,2.0309998989105225
88,0,"Creature\HumanMalePeasant\HumanMalePeasantPick.mdx",1,1,1,1,18,12,1,0,0,0,1.233142648605839e-43,0.5097000002861023,2.0309998989105225
89,0,"Creature\HumanMalePeasant\HumanMalePeasantWood.mdx",1,1,1,1,18,12,1,0,0,0,1.2471556332490872e-43,0.5097000002861023,2.0309998989105225
90,9,"Creature\Hippogryph\Hippogryph.mdx",2,1,1,-1,18,12,1,0,0,0,1.2611686178923354e-43,0.6944000124931335,2.0829999446868896
91,1,"Creature\SilithidTank\SilithidTank.mdx",1,1,1,1,1,1,1,0,0,0,1.2751816025355835e-43,0.6944000124931335,2.0829999446868896
92,3,"Creature\Silithidwasp\SilithidWasp.mdx",1,1,1,-1,18,12,1,0,0,0,1.2891945871788317e-43,0.6944000124931335,2.0829999446868896
93,0,"Creature\HumanFemaleBlacksmith\HumanFemaleBlacksmith.mdx",1,1,1,1,18,12,1,0,0,0,1.3032075718220799e-43,0.4722000062465668,1.944000005722046
94,0,"Creature\HumanFemaleFarmer\HumanFemaleFarmer.mdx",1,1,1,1,18,12,1,0,0,0,1.317220556465328e-43,0.41670000553131104,1.9129999876022339
95,0,"Creature\HumanFemaleMerchantFat\HumanFemaleMerchantFat.mdx",1,1,1,1,18,12,1,0,0,0,1.3312335411085762e-43,0.41670000553131104,1.9759999513626099
96,0,"Creature\HumanFemaleMerchantThin\HumanFemaleMerchantThin.mdx",1,1,1,1,18,12,1,0,0,0,1.3452465257518244e-43,0.5555999875068665,1.944000005722046
97,0,"Creature\HumanFemalePeasant\HumanFemalePeasant.mdx",1,1,1,1,18,12,1,0,0,0,1.3592595103950726e-43,0.41670000553131104,1.9129999876022339
98,0,"Creature\HumanFemaleWarriorHeavy\HumanFemaleWarriorHeavy.mdx",1,1,1,1,18,12,1,0,0,0,1.3732724950383207e-43,0.41670000553131104,1.9129999876022339
99,0,"Creature\HumanFemaleWarriorLight\HumanFemaleWarriorLight.mdx",1,1,1,1,18,12,1,0,0,0,1.3872854796815689e-43,0.41670000553131104,1.9129999876022339
100,0,"Creature\HumanFemaleWarriorMedium\HumanFemaleWarriorMedium.mdx",1,1,1,1,18,12,1,0,0,0,1.401298464324817e-43,0.41670000553131104,1.9129999876022339
101,0,"Creature\HumanMaleBlacksmith\HumanMaleBlacksmith.mdx",1,1,1,1,18,12,1,0,0,0,1.4153114489680652e-43,0.6944000124931335,2.055999994277954
102,0,"Creature\HumanMaleFarmer\HumanMaleFarmer.mdx",1,1,1,1,18,12,1,0,0,0,1.4293244336113134e-43,0.5555999875068665,2.0829999446868896
103,0,"Creature\HumanMaleNoble\HumanMaleNoble.mdx",1,1,1,1,18,12,1,0,0,0,1.4433374182545616e-43,0.5097000002861023,2.0309998989105225
104,0,"Creature\HumanMaleWarriorHeavy\HumanMaleWarriorHeavy.mdx",1,1,1,1,18,12,1,0,0,0,1.4573504028978098e-43,0.6111000180244446,2.0309998989105225
105,0,"Creature\HumanMaleWarriorMedium\HumanMaleWarriorMedium.mdx",1,1,1,1,18,12,1,0,0,0,1.471363387541058e-43,0.6111000180244446,2.0309998989105225
106,0,"Creature\HumanMaleWizard\HumanMaleWizard.mdx",1,1,1,1,18,12,1,0,0,0,1.485376372184306e-43,0.5097000002861023,2.0309998989105225
107,0,"Creature\HumanMaleWarriorLight\HumanMaleWarriorLight.mdx",1,1,1,1,18,12,1,0,0,0,1.4993893568275543e-43,0.6111000180244446,2.0309998989105225
108,0,"Creature\HumanMaleCaster\HumanMaleCaster.mdx",1,1,1,1,18,12,1,0,0,0,1.5134023414708024e-43,0.6111000180244446,2.0309998989105225
109,0,"Creature\HumanFemaleCaster\HumanFemaleCaster.mdx",1,1,1,1,18,12,1,0,0,0,1.5274153261140506e-43,0.41670000553131104,1.9129999876022339
110,11,"Creature\WaterElemental\WaterElemental.mdx",1,1,1,-1,18,12,1,0,0,0,1.5414283107572988e-43,0.6944000124931335,2.0829999446868896
111,0,"Creature\Chicken\Chicken.mdx",0,1,1,5,4,3,1,0,0,0,1.555441295400547e-43,0.2777999937534332,0.41670000553131104
112,0,"Creature\OrcMaleWarriorLight\OrcMaleWarriorLight.mdx",1,1,1,1,18,12,1,0,0,0,1.5694542800437951e-43,0.75,2.3610000610351562
113,0,"Creature\OrcMaleMerchantLight\OrcMaleMerchantLight.mdx",1,1,1,1,18,12,1,0,0,0,1.5834672646870433e-43,0.75,2.3610000610351562
114,0,"Creature\Rabbit\Rabbit.mdx",0,1,1,7,4,3,1,0,0,0,1.5974802493302915e-43,0.44440001249313354,0.44440001249313354
115,0,"Creature\DwarfMaleWarriorLight\DwarfMaleWarriorLight.mdx",1,1,1,1,18,12,1,0,0,0,1.6114932339735396e-43,0.6944000124931335,1.3890000581741333
116,0,"Creature\Troll\TrollJungleCaster.mdx",1,1,-1,4,18,12,1,0,0,0,1.6255062186167878e-43,0.6944000124931335,2.0829999446868896
117,0,"Creature\Troll\TrollJungleBoss.mdx",1,1,-1,4,18,12,1,0,0,0,1.639519203260036e-43,0.6944000124931335,2.0829999446868896
118,0,"Creature\Troll\TrollWhelp.mdx",1,1,-1,4,18,12,1,0,0,0,1.6535321879032841e-43,0.6944000124931335,2.0829999446868896
119,0,"Creature\Troll\TrollMelee.mdx",1,1,-1,4,18,12,1,0,0,0,1.6675451725465323e-43,0.6944000124931335,2.0829999446868896
120,0,"Creature\Troll\TrollForestBoss.mdx",1,1,-1,4,18,12,1,0,0,0,1.6815581571897805e-43,0.6944000124931335,2.0829999446868896
121,0,"Creature\Troll\TrollForestCaster.mdx",1,1,-1,4,18,12,1,0,0,0,1.6955711418330287e-43,0.6944000124931335,2.0829999446868896
122,0,"Creature\GnollCaster\GnollCaster.mdx",1,1,1,7,18,12,1,0,0,0,1.7095841264762768e-43,0.6944000124931335,2.0829999446868896
123,0,"Creature\GnollMelee\GnollMelee.mdx",1,1,-1,7,18,12,1,0,0,0,1.723597111119525e-43,0.833299994468689,1.5640000104904175
124,0,"Creature\Deer\Deer.mdx",1,1,-1,3,18,12,1,0,0,0,1.7376100957627732e-43,0.5555999875068665,1.6670000553131104
125,0,"Creature\HumanMaleMarshal\HumanMaleMarshal.mdx",1,1,-1,1,18,12,1,0,0,0,1.7516230804060213e-43,0.5097000002861023,2.0309998989105225
126,0,"Creature\HumanMaleGuard\HumanMaleGuard.mdx",1,1,-1,1,18,12,1,0,0,0,1.7656360650492695e-43,0.5097000002861023,2.0309998989105225
127,0,"Creature\HumanMalePirateCaptain\HumanMalePirateCaptain.mdx",1,1,-1,1,18,12,1,0,0,0,1.7796490496925177e-43,0.6111000180244446,2.0309998989105225
128,0,"Creature\HumanMalePirateCrewman\HumanMalePirateCrewman.mdx",1,1,-1,4,18,12,1,0,0,0,1.793662034335766e-43,0.6944000124931335,2.0829999446868896
129,0,"Creature\HumanMalePirateSwashbuckler\HumanMalePirateSwashbuckler.mdx",1,1,-1,1,18,12,1,0,0,0,1.807675018979014e-43,0.6944000124931335,2.0829999446868896
130,0,"Creature\Dreadlord\DreadLord.mdx",2,1,3,3,18,12,1,0,0,10,1.821688003622262e-43,0.6944000124931335,2.0829999446868896
131,0,"Creature\Gnome\Gnome.mdx",1,1,-1,1,18,12,1,0,0,0,1.8357009882655104e-43,0.6944000124931335,1.25
132,8,"Creature\Crab\Crab.mdx",0,1,-1,1,4,3,1,0,0,0,1.8497139729087585e-43,0.6944000124931335,0.9721999764442444
133,9,"Creature\threshadon\Threshadon.mdx",1,1,-1,-1,18,12,1,0,0,0,1.8637269575520067e-43,0.6944000124931335,2.0829999446868896
134,0,"Creature\Squirrel\Squirrel.mdx",0,1,1,7,4,3,1,0,0,0,1.877739942195255e-43,0,0
136,0,"Creature\Gorilla\Gorilla.mdx",0,1,1,4,18,12,1,0,0,0,1.891752926838503e-43,0.6944000124931335,2.0829999446868896
137,10,"Creature\Crocodile\Crocodile.mdx",0,1,-1,5,18,12,1,0,0,0,1.9057659114817512e-43,0.6944000124931335,2.0829999446868896
139,0,"Creature\Felhound\FelHound.mdx",0,1,3,5,16.200000762939453,10.800000190734863,1,0,0,0,1.9337918807682476e-43,0.6944000124931335,2.0829999446868896
140,0,"Creature\Sheep\Sheep.mdx",0,1,1,3,18,12,1,0,0,0,1.9478048654114957e-43,0.6944000124931335,1.027999997138977
141,0,"Creature\Ent\Ent.mdx",0,1,2,5,18,12,1,0,0,0,1.961817850054744e-43,0.6944000124931335,2.0829999446868896
142,3,"Creature\Frog\Frog.mdx",0,1,-1,7,4,3,1,0,0,0,1.975830834697992e-43,0.41670000553131104,0.2777999937534332
143,0,"Creature\Horse\Horse.mdx",1,1,-1,6,18,12,1,0,0,0,9.10844001811131e-44,0.9444000124931335,2.7780001163482666
144,3,"Creature\Banshee\Banshee.mdx",0,1,-1,4,18,12,1,0,0,0,1.9898438193412402e-43,0.6944000124931335,2.0829999446868896
145,0,"Creature\Quillboar\QuillBoar.mdx",0,1,-1,3,18,12,1,0,0,0,2.0038568039844884e-43,0.6944000124931335,2.0829999446868896
146,0,"Creature\Wendigo\Wendigo.mdx",0,1,1,4,18,12,1,0,0,0,2.0178697886277366e-43,0.6944000124931335,2.0829999446868896
147,1,"Creature\Gryphon\Gryphon.mdx",2,1,1,-1,18,12,1,0,0,0,2.0318827732709848e-43,0.6944000124931335,2.0829999446868896
149,0,"Creature\GolemHarvestStage2\GolemHarvestStage2.mdx",0,1,-1,1,0,0,0,0,0,0,2.059908742557481e-43,0.6944000124931335,2.0829999446868896
150,0,"Creature\TempDeathGuard\DeathGuard.mdx",1,1,1,1,18,12,1,0,0,0,2.0739217272007293e-43,0.6944000124931335,2.0829999446868896
151,0,"Creature\TempScarletCrusaderLight\ScarletCrusaderLight.mdx",1,1,1,1,18,12,1,0,0,0,2.0879347118439774e-43,0.6111000180244446,2.0309998989105225
152,0,"Creature\TempScarletCrusaderHeavy\ScarletCrusaderHeavy.mdx",1,1,1,1,18,12,1,0,0,0,2.1019476964872256e-43,0.6111000180244446,2.0309998989105225
155,0,"Creature\Cow\Cow.mdx",1,1,1,-1,18,12,1,0,0,0,2.14398665041697e-43,0.6944000124931335,2.0829999446868896
156,0,"Creature\FleshGolem\FleshGolem.mdx",2,1,-1,-1,18,12,1,0,0,0,2.1579996350602183e-43,0.6944000124931335,2.0829999446868896
157,0,"Creature\QuirajBattleguard\BattleGuard.mdx",2,1,1,-1,0,0,0,0,0,0,2.1720126197034665e-43,0.6944000124931335,2.0829999446868896
158,0,"Creature\QuirajGladiator\QuirajGladiator.mdx",1,1,1,-1,0,0,0,0,0,0,2.1860256043467146e-43,0.6944000124931335,2.0829999446868896
159,0,"Creature\QuirajProphet\QuirajProphet.mdx",1,1,-1,-1,18,12,1,0,0,0,2.200038588989963e-43,0,0
160,11,"Creature\FireElemental\FireElemental.mdx",1,1,-1,-1,18,12,1,0,0,0,2.214051573633211e-43,0.6944000124931335,2.0829999446868896
161,0,"Creature\PrarieDog\PrarieDog.mdx",1,1,1,7,4,3,1,0,0,0,2.228064558276459e-43,0.2777999937534332,0.2777999937534332
162,2,"Creature\VoidWalker\VoidWalker.mdx",1,1,2,1,18,12,1,0,0,0,2.2701035122062037e-43,0.6944000124931335,2.0829999446868896
163,0,"Creature\OrcMaleWarriorHeavy\OrcMaleWarriorHeavy.mdx",1,1,1,1,18,12,1,0,0,0,2.284116496849452e-43,0.75,2.3610000610351562
164,0,"Creature\Goblin\Goblin.mdx",1,1,2,-1,18,12,1,0,0,0,2.2981294814927e-43,0.6944000124931335,1.3890000581741333
165,0,"Creature\Rat\Rat.mdx",1,1,1,5,4,3,1,0,0,0,2.312142466135948e-43,0.5555999875068665,0.2777999937534332
167,2,"Creature\Zombie\ZombieArm.mdx",1,1,2,1,18,12,1,0,0,0,2.3261554507791963e-43,0.6944000124931335,2.0829999446868896
168,2,"Creature\Zombie\Zombie.mdx",1,1,2,1,18,12,1,0,0,0,2.3401684354224445e-43,0.6944000124931335,2.0829999446868896
170,9,"Creature\snake\snake.mdx",1,1,1,1,18,12,1,0,0,0,2.3541814200656927e-43,0.6944000124931335,0.28060001134872437
171,3,"Creature\Wolf\Wolf_ghost.mdx",1,1,-1,7,18,12,1,0,0,0,2.368194404708941e-43,0.6944000124931335,2.0829999446868896
172,0,"Creature\Lobstrok\Lobstrok.mdx",2,1,1,5,18,12,1,0,0,0,2.382207389352189e-43,0.6944000124931335,2.0829999446868896
173,10,"Creature\SeaTurtle\SeaTurtle.mdx",1,1,1,7,18,12,1,0,0,0,2.396220373995437e-43,0.6944000124931335,2.0829999446868896
174,2,"Creature\SkeletonMage\SkeletonMage.mdx",1,1,-1,1,18,12,1,0,0,0,2.4102333586386854e-43,0.6944000124931335,2.0829999446868896
175,1,"Creature\FaerieDragon\FaerieDragon.mdx",1,1,1,-1,18,12,1,0,0,0,2.4242463432819335e-43,0.6944000124931335,2.0829999446868896
176,0,"Creature\Goblin\GoblinShredder.mdx",1,1,-1,1,18,12,1,0,0,0,2.4382593279251817e-43,0.6944000124931335,2.0829999446868896
177,3,"Creature\FaerieDragon\FaerieDragon_Ghost.mdx",1,1,-1,-1,18,12,1,0,0,0,2.45227231256843e-43,0.6944000124931335,2.0829999446868896
178,0,"Creature\cockroach\Cockroach.mdx",0,1,-1,1,4,3,0.20000000298023224,0,0,0,2.466285297211678e-43,0.41670000553131104,0.2777999937534332
180,0,"Creature\bear\Bear.mdx",1,1,1,1,18,12,1,0,2,12,1.1630777253895982e-43,0.6944000124931335,1.8140000104904175
181,3,"Creature\Spells\StasisTotem.mdx",1,1,-1,-1,18,12,1,0,0,0,2.4802982818549262e-43,0.7936000227928162,2.0829999446868896
182,4,"Character\Gnome\Male\GnomeMale.mdx",1,1,1,1,9,12,1,0,0,0,4.119817485114962e-43,0.6944000124931335,1.055999994277954
183,4,"Character\Gnome\Female\GnomeFemale.mdx",1,1,1,1,8,11,1,0,0,0,4.13383046975821e-43,0.6111000180244446,1
185,4,"Character\Troll\Male\TrollMale.mdx",1,1,1,6,16,20,1,0,0,0,4.1478434544014585e-43,0.6944000124931335,2.0829999446868896
186,4,"Character\Troll\Female\TrollFemale.mdx",1,1,1,6,12,20,1,0,0,0,4.161856439044707e-43,0.6129999756813049,1.8389999866485596
187,8,"Creature\AncientOfLore\AncientofLore.mdx",4,1,-1,1,18,12,1,0,2,11,2.4943112664981744e-43,0.6944000124931335,2.0829999446868896
188,8,"Creature\AncientOfWar\AncientofWar.mdx",4,1,-1,1,18,12,1,0,2,11,2.5083242511414226e-43,0.6944000124931335,2.0829999446868896
190,3,"Creature\Spells\Serpent_Totem.mdx",1,1,-1,-1,18,12,1,0,0,0,2.5223372357846707e-43,0.7936000227928162,2.875999927520752
191,0,"Creature\ThunderLizard\ThunderLizard.mdx",2,1,1,7,18,12,1,0,0,0,2.536350220427919e-43,0.6944000124931335,2.0829999446868896
192,0,"Creature\Hyena\Hyena.mdx",1,1,1,7,18,12,1,0,0,0,2.550363205071167e-43,0.6944000124931335,2.0829999446868896
193,9,"Creature\Shark\Shark.mdx",1,1,1,-1,18,12,1,0,0,0,2.5643761897144152e-43,1.0420000553131104,2.0829999446868896
194,0,"Creature\Stag\Stag.mdx",1,1,1,6,18,12,1,0,0,0,2.5783891743576634e-43,0.6944000124931335,2.0829999446868896
195,0,"Creature\MountedKnight\MountedKnight.mdx",1,1,1,6,18,12,1,0,0,10,2.5924021590009116e-43,0.6944000124931335,2.0829999446868896
197,0,"Creature\Gazelle\Gazelle.mdx",1,1,1,3,18,12,1,0,0,0,2.6064151436441598e-43,0.6944000124931335,2.0829999446868896
198,0,"Creature\giraffe\Giraffe.mdx",1,1,1,3,0,0,0,0,0,0,2.620428128287408e-43,0.6944000124931335,2.0829999446868896
199,3,"Creature\SPELLS\MonsterLure01.mdx",1,1,-1,-1,18,12,1,0,0,0,2.634441112930656e-43,0.2799000144004822,1.100000023841858
201,0,"Creature\FelBat\FelBat.mdx",1,1,1,-1,18,12,1,0,0,0,2.6484540975739043e-43,0.6944000124931335,2.0829999446868896
202,3,"Creature\Spells\HealingTotem.mdx",1,1,-1,-1,18,12,1,0,0,0,2.6624670822171524e-43,0.7936000227928162,2.0829999446868896
203,0,"Creature\Dragon\Dragon.mdx",4,1,1,5,30,20,3,0,2,12,2.6764800668604006e-43,0.6944000124931335,2.0829999446868896
204,2,"Creature\TitanMale\TitanMale_Ghost.mdx",1,1,-1,4,18,12,1,0,0,0,2.6904930515036488e-43,0.6944000124931335,2.0829999446868896
205,0,"Creature\MountainGiant\MountainGiant.mdx",3,1,-1,1,18,12,1,0,2,11,2.704506036146897e-43,0.6944000124931335,2.0829999446868896
206,0,"Creature\SeaGiant\SeaGiant.mdx",1,1,1,4,18,12,1,0,2,12,4.90454462513686e-44,0.6944000124931335,2.0829999446868896
207,3,"Creature\Wisp\Wisp.mdx",1,1,-1,-1,18,12,1,0,0,0,2.718519020790145e-43,0.6944000124931335,2.0829999446868896
209,1,"Creature\Hippogryph\Hippogryph.mdx",1,1,1,-1,18,12,1,0,0,0,1.2611686178923354e-43,0.6944000124931335,2.0829999446868896
210,0,"Creature\Lion\Lion.mdx",1,1,1,7,18,12,1,0,0,0,2.7465449900766415e-43,0.833299994468689,1.3890000581741333
212,0,"Creature\Unicorn\Unicorn.mdx",1,1,1,6,18,12,1,0,0,0,2.7605579747198896e-43,0.9444000124931335,2.7780001163482666
213,0,"Creature\DruidBear\DruidBear.mdx",1,1,1,7,18,12,1,0,0,0,1.1630777253895982e-43,0.6944000124931335,2.0829999446868896
214,0,"Creature\DruidBear\DruidBearTauren.mdx",1,1,1,7,18,12,1,0,0,0,1.1630777253895982e-43,0.6944000124931335,2.0829999446868896
215,0,"Creature\Nightmare\Nightmare.mdx",1,1,3,6,18,12,1,0,0,10,9.10844001811131e-44,0.9444000124931335,2.7780001163482666
216,0,"Creature\RidingHorse\RidingHorse.mdx",1,1,1,6,18,12,1,0,0,0,9.10844001811131e-44,0.9444000124931335,2.7780001163482666
217,0,"Creature\DireWolf\RidingDireWolf.mdx",1,1,1,7,24,18,1,0,0,0,1.0229478789571165e-43,0.6944000124931335,2.0829999446868896
218,1,"Creature\Scorpion\Scorpion.mdx",1,1,2,5,0,0,0,0,0,0,2.7745709593631378e-43,0.6944000124931335,1.3890000581741333
219,3,"Creature\Spells\ManaTotem.mdx",1,1,-1,-1,18,12,1,0,0,0,2.788583944006386e-43,0.7936000227928162,2.0829999446868896
220,3,"Creature\Spells\SentryTotem.mdx",1,1,-1,-1,18,12,1,0,0,0,2.802596928649634e-43,0.7936000227928162,1.7389999628067017
221,3,"Creature\Spells\InvisibilityTotem.mdx",1,1,-1,-1,18,12,1,0,0,0,2.8166099132928823e-43,0.7936000227928162,2.0829999446868896
222,3,"Creature\Spells\EyeOfKilrog.mdx",0,1,2,-1,18,12,1,0,0,0,2.718519020790145e-43,0.6944000124931335,1.3890000581741333
223,0,"Creature\SeaLion\SeaLion.mdx",1,1,1,-1,18,12,1,0,0,0,2.8306228979361305e-43,0.6944000124931335,2.0829999446868896
224,1,"Creature\SeaLion\SeaLion.mdx",1,1,1,-1,18,12,1,0,0,0,2.8306228979361305e-43,0.6944000124931335,2.0829999446868896
225,0,"Creature\ForceOfNature\ForceofNature.mdx",1,1,1,5,18,12,1,0,0,0,2.858648867222627e-43,0.6944000124931335,2.0829999446868896
227,3,"Creature\Orca\Orca.mdx",1,1,1,-1,18,12,1,0,0,0,2.872661851865875e-43,0.6944000124931335,2.0829999446868896
229,0,"Creature\Ram\Ram.mdx",1,1,1,3,18,12,1,0,0,0,2.886674836509123e-43,0.6944000124931335,2.0829999446868896
230,1,"Creature\Shark\HammerHead.mdx",1,1,1,-1,18,12,1,0,0,0,2.9006878211523713e-43,1.0420000553131104,2.0829999446868896
250,1,"Creature\CryptFiend\CryptFiend.mdx",1,1,3,1,18,12,1,0,0,0,3.1809475140173348e-43,0.6944000124931335,2.0829999446868896
270,3,"Creature\Object\WoodenDummy.mdx",1,1,-1,-1,18,12,1,0,0,0,3.461207206882298e-43,0.45829999446868896,2.0880000591278076
271,3,"Creature\Object\ArcheryTarget.mdx",1,1,-1,-1,18,12,1,0,0,0,3.4752201915255463e-43,2.756999969482422,4.677000045776367
290,3,"Creature\Object\Cannon.mdx",1,1,-1,4,18,12,1,0,0,0,3.7414668997472616e-43,0.6944000124931335,2.0829999446868896
310,0,"Creature\HighElf\HighElfFemale_Mage.mdx",1,1,1,1,18,12,1,0,0,0,4.021726592612225e-43,0.4146000146865845,2.1419999599456787
311,0,"Creature\HighElf\HighElfFemale_Hunter.mdx",1,1,1,1,18,12,1,0,0,0,4.035739577255473e-43,0.4146000146865845,2.1419999599456787
312,0,"Creature\HighElf\HighElfFemale_Priest.mdx",1,1,1,1,18,12,1,0,0,0,4.049752561898721e-43,0.4146000146865845,2.1419999599456787
313,0,"Creature\HighElf\HighElfFemale_Warrior.mdx",1,1,1,1,18,12,1,0,0,0,4.0637655465419695e-43,0.4146000146865845,2.1419999599456787
314,0,"Creature\HighElf\HighElfMale_Mage.mdx",1,1,1,1,18,12,1,0,0,0,4.077778531185218e-43,0.5848000049591064,2.0280001163482666
315,0,"Creature\HighElf\HighElfMale_Hunter.mdx",1,1,1,1,18,12,1,0,0,0,4.091791515828466e-43,0.5848000049591064,2.0280001163482666
316,0,"Creature\HighElf\HighElfMale_Priest.mdx",1,1,1,1,18,12,1,0,0,0,4.049752561898721e-43,0.5848000049591064,2.0280001163482666
317,0,"Creature\HighElf\HighElfMale_Warrior.mdx",1,1,1,1,18,12,1,0,0,0,4.105804500471714e-43,0.5848000049591064,2.0280001163482666
331,1,"Creature\FelBat\BatTaxi.mdx",1,1,1,-1,18,12,1,0,0,0,4.3159992701204366e-43,0.6944000124931335,2.0829999446868896
332,1,"Creature\NagaMale\NagaMale.mdx",1,1,1,1,1,1,1,0,0,0,4.330012254763685e-43,0.6944000124931335,2.0829999446868896
351,0,"Creature\Chimera\Chimera.mdx",1,1,1,-1,18,12,1,0,0,0,4.5962589629854e-43,0.6944000124931335,2.0829999446868896
352,0,"Creature\Serpent\Serpent.mdx",1,1,1,1,1,1,1,0,0,0,4.610271947628648e-43,0.6944000124931335,2.0829999446868896
371,0,"Creature\Imp\Imp.mdx",0,1,1,3,18,12,1,0,0,0,4.8765186558503634e-43,0.4722000062465668,1.527999997138977
372,0,"Creature\Quillboar\QuillBoarWarrior.mdx",1,1,1,6,18,12,1,0,0,0,2.0038568039844884e-43,0.6944000124931335,2.0829999446868896
373,1,"Creature\Owl\Owl.mdx",1,1,1,1,18,12,1,0,0,0,4.90454462513686e-43,0.6944000124931335,2.0829999446868896
374,3,"Creature\Spells\WaterElementalTotem.mdx",1,1,-1,-1,18,12,1,0,0,0,4.918557609780108e-43,0.5192999839782715,1.315000057220459
375,3,"Creature\Spells\EarthElementalTotem.mdx",1,1,-1,-1,18,12,1,0,0,0,4.932570594423356e-43,0.5192999839782715,1.315000057220459
376,3,"Creature\Spells\FireElementalTotem.mdx",1,1,-1,-1,18,12,1,0,0,0,4.946583579066604e-43,0.5200999975204468,1.315000057220459
377,3,"Creature\Spells\AirElementalTotem.mdx",1,1,-1,-1,18,12,1,0,0,0,4.9605965637098524e-43,0.5192999839782715,1.315000057220459
391,3,"Creature\Shade\Shade.mdx",1,1,3,-1,18,12,1,0,0,0,5.156778348715327e-43,0.6944000124931335,2.0829999446868896
392,0,"Creature\Quillboar\QuillBoarCaster.mdx",1,1,1,6,18,12,1,0,0,0,2.0038568039844884e-43,0.6944000124931335,2.0829999446868896
393,3,"Creature\Spells\FireLightTotem.mdx",1,1,-1,-1,18,12,1,0,0,0,5.184804318001823e-43,0.5200999975204468,1.315000057220459
411,9,"Creature\FelBat\FelBat.mdx",1,1,2,-1,18,12,1,0,0,0,2.6484540975739043e-43,0.6944000124931335,2.0829999446868896
452,1,"Creature\Fish\Fish.mdx",1,1,1,-1,18,12,1,0,0,0,5.4510510262235384e-43,0.6944000124931335,2.0829999446868896
453,1,"Creature\StormCrow\StormCrow.mdx",1,1,1,-1,0,0,0,0,0,0,5.4650640108667866e-43,0.6944000124931335,2.0829999446868896
454,0,"Creature\TRex\trex.mdx",2,1,-1,5,12,18,1,0,0,0,5.479076995510035e-43,0.6944000124931335,2.0829999446868896
455,2,"Creature\Zombie\ZombieSword.mdx",1,1,2,4,12,18,1,0,0,0,5.493089980153283e-43,0.6944000124931335,2.0829999446868896
456,10,"Creature\Anubisath\Anubisath.mdx",1,1,3,1,18,12,1,0,2,12,5.605193857299268e-44,0.6944000124931335,2.0829999446868896
457,0,"Creature\FrostSabre\RidingFrostSabre.mdx",1,1,1,7,24,18,1,0,0,0,2.7465449900766415e-43,0.6944000124931335,2.0829999446868896
458,0,"Creature\RidingRaptor\RidingRaptor.mdx",1,1,1,5,24,18,1,0,0,0,4.764414778704378e-44,0.6944000124931335,2.0829999446868896
459,0,"Creature\Tallstrider\TallStrider.mdx",1,1,1,3,24,18,1,0,0,0,5.324934164434305e-44,0.6944000124931335,2.0829999446868896
471,0,"Creature\Centaur\CentaurKhan.mdx",1,1,1,6,18,12,1,0,0,0,4.203895392974451e-45,0.6944000124931335,2.0829999446868896
491,2,"Creature\UndeadHorse\RidingUndeadHorse.mdx",1,1,3,6,18,12,1,0,0,10,5.997557427310217e-43,0.9444000124931335,2.7780001163482666
492,0,"Creature\Centaur\CentaurCaster.mdx",1,1,1,6,18,12,1,0,0,0,6.011570411953465e-43,0.6944000124931335,2.0829999446868896
511,0,"Creature\Centaur\CentaurWarrior.mdx",1,1,1,6,18,12,1,0,0,0,4.203895392974451e-45,0.6944000124931335,2.0829999446868896
512,3,"Creature\Fish\Fish.mdx",1,1,-1,-1,18,12,1,0,0,0,5.4510510262235384e-43,0.6944000124931335,2.0829999446868896
513,3,"Creature\ElementalPoison\PoisonElemental.mdx",1,1,-1,-1,18,12,1,0,0,0,6.291830104818429e-43,0.6944000124931335,2.0829999446868896
531,1,"Creature\NagaFemale\Siren.mdx",1,1,-1,-1,18,12,1,0,0,0,6.558076813040144e-43,0.6944000124931335,2.0829999446868896
551,0,"Creature\FelGuard\FelGuard.mdx",1,1,3,1,22,16,1,0,0,10,6.838336505905107e-43,0.6944000124931335,2.0829999446868896
552,2,"Creature\UndeadHorse\UndeadHorse.mdx",1,1,3,6,12,18,1,0,0,0,5.997557427310217e-43,0.9444000124931335,2.7780001163482666
571,9,"Creature\Drake\Drake.mdx",2,1,1,1,18,12,1,0,0,10,7.118596198770071e-43,0.6944000124931335,2.0829999446868896
591,3,"Creature\AirElemental\AirElemental.mdx",1,1,-1,-1,18,12,1,0,0,0,7.398855891635034e-43,0.6944000124931335,2.0829999446868896
611,1,"Creature\Parrot\Parrot.mdx",0,1,-1,4,18,12,1,0,0,0,7.679115584499998e-43,0.6944000124931335,2.0829999446868896
631,0,"Creature\Cat\Cat.mdx",0,1,1,7,4,3,1,0,0,0,7.959375277364961e-43,0.41670000553131104,0.5555999875068665
651,1,"Creature\Parrot\Parrot.mdx",0,1,1,-1,18,12,1,0,0,0,7.679115584499998e-43,0.6944000124931335,2.0829999446868896
671,3,"Creature\GnomeSpidertank\GnomeSpiderTank.mdx",2,1,3,-1,1,1,1,0,0,10,8.239634970229924e-43,0.6944000124931335,2.0829999446868896
691,3,"Creature\ElementalPoison\PoisonElemental.mdx",1,1,2,-1,18,12,1,0,0,0,6.291830104818429e-43,0.6944000124931335,2.0829999446868896
692,2,"Creature\StoneKeeper\StoneKeeper.mdx",3,1,-1,1,18,12,1,0,1,12,8.519894663094888e-43,0.6944000124931335,2.0829999446868896
711,0,"Creature\Kodobeast\KodoBeastTame.mdx",3,1,1,1,18,12,1,0,1,10,3.783505853677006e-44,0.6944000124931335,2.0829999446868896
712,3,"Creature\Spells\LandMine01.mdx",0,1,-1,1,18,12,1,0,0,0,8.8141673406031e-43,0.8840000033378601,0.33090001344680786
731,0,"Creature\MountedDeathKnight\MountedDeathKnight.mdx",1,1,-1,6,18,12,1,0,0,0,9.080414048824815e-43,0.6944000124931335,2.0829999446868896
751,2,"Creature\MechaStrider\MechaStrider.mdx",1,1,-1,5,18,12,1,0,0,0,9.640933434554741e-43,0.6944000124931335,2.0829999446868896
771,2,"Creature\GnomeSpidertank\GnomeBot.mdx",2,1,-1,-1,1,1,1,0,0,10,9.921193127419705e-43,0.6944000124931335,2.0829999446868896
791,1,"Creature\Wyvern\Wyvern.mdx",2,1,1,-1,18,12,1,0,0,0,1.1911036946760945e-43,0.6944000124931335,2.0829999446868896
792,1,"Creature\Gryphon\Gryphon.mdx",2,1,1,-1,18,12,1,0,0,0,2.0318827732709848e-43,0.6944000124931335,2.0829999446868896
811,2,"Creature\GnomeSpidertank\GnomeAlertBot.mdx",0,1,-1,-1,18,12,1,0,0,0,1.0201452820284668e-42,1.3890000581741333,4.166999816894531
831,4,"Character\Goblin\Male\GoblinMale.mdx",1,1,1,1,12,10,1,0,0,0,1.5806646677583937e-42,0.5555999875068665,1.3890000581741333
832,4,"Character\Goblin\Female\GoblinFemale.mdx",1,1,1,1,12,10,1,0,0,0,1.5820659662227185e-42,0.5555999875068665,1.3890000581741333
851,0,"Creature\GnomeSpidertank\GnomeBomBot.mdx",0,1,-1,1,18,12,1,0,0,0,1.0481712513149632e-42,1.3890000581741333,4.166999816894531
852,0,"Creature\MechaStrider\GnomeMechaStrider.mdx",1,1,-1,5,18,12,1,0,0,0,1.049572549779288e-42,0.6944000124931335,2.0829999446868896
853,2,"Creature\GnomeSpidertank\GnomePounder.mdx",2,1,-1,1,18,12,1,0,0,10,1.0509738482436128e-42,0.6944000124931335,2.0829999446868896
871,1,"Creature\SILITHIDSCARAB\SilithidScarab.mdx",1,1,2,-1,0,0,0,0,0,0,1.0761972206014595e-42,1.6670000553131104,2.2219998836517334
891,1,"Creature\Gargoyle\Gargoyle.mdx",1,1,3,1,18,12,1,0,0,0,1.1042231898879559e-42,0.6944000124931335,2.0829999446868896
892,0,"Creature\MineSpider\MineSpiderBoss.mdx",3,1,2,1,18,12,1,0,0,11,1.1056244883522807e-42,0.6944000124931335,2.0829999446868896
911,1,"Creature\Worm\Worm.mdx",1,1,3,1,18,12,1,0,0,0,1.1322491591744522e-42,0.6944000124931335,2.0829999446868896
912,0,"Creature\SkeletonNaked\SkeletonNaked.mdx",1,1,-1,4,18,12,1,0,0,0,1.133650457638777e-42,0.6944000124931335,2.0829999446868896
931,0,"Creature\demonhunter\DemonHunter.mdx",1,1,1,1,18,12,1,0,0,0,1.1602751284609485e-42,0.6263999938964844,2.6059999465942383
932,3,"Creature\Larva\Larva.mdx",0,1,1,1,18,12,1,0,0,0,1.1616764269252734e-42,0.6944000124931335,2.0829999446868896
951,3,"Creature\Lasher\Lasher.mdx",1,1,2,1,18,12,1,0,0,0,1.1883010977474449e-42,0.6944000124931335,2.0829999446868896
971,0,"Creature\TrollDire\TrollDire.mdx",2,1,1,1,18,12,1,0,0,0,1.2163270670339412e-42,0.6944000124931335,2.0829999446868896
991,3,"Creature\Slime\SlimeLesser.mdx",0,1,2,-1,18,12,1,0,0,0,1.1350517561031018e-43,0.6944000124931335,2.0829999446868896
1011,0,"Creature\DragonSpawnCaster\DragonSpawnCaster.mdx",1,1,1,5,18,12,1,0,0,0,1.2723790056069339e-42,0.6944000124931335,2.0829999446868896
1031,0,"Creature\DragonSpawn\DragonSpawnArmored.mdx",2,1,1,1,18,12,1,0,0,0,6.58610278232664e-44,0.6944000124931335,2.0829999446868896
1051,3,"Creature\Lich\Lich.mdx",1,1,3,4,18,12,1,0,0,0,1.3284309441799266e-42,0.6944000124931335,2.0829999446868896
1071,0,"Creature\Kodobeast\KodoBeastPack.mdx",3,1,-1,6,18,12,1,0,0,10,3.783505853677006e-44,0.6944000124931335,2.0829999446868896
1072,0,"Creature\Kodobeast\KodoBeastPack.mdx",3,1,-1,6,18,12,1,0,1,10,3.783505853677006e-44,0.6944000124931335,2.0829999446868896
1091,3,"Creature\FlyingMachineCreature\FlyingMachineCreature.mdx",1,1,-1,-1,18,12,1,0,0,0,2.421443746353284e-42,0.6944000124931335,2.0829999446868896
1111,3,"Creature\SkeletalSerpent\SkeletalSerpent.mdx",1,1,3,1,18,12,1,0,0,0,1.3844828827529193e-42,0.6944000124931335,2.0829999446868896
1131,2,"Creature\GolemStone\GolemCannonStone.mdx",2,1,3,4,18,12,1,0,0,0,1.4125088520394156e-42,0.6944000124931335,2.0829999446868896
1151,1,"Creature\Salamander\SalamanderMale.mdx",1,1,1,1,18,12,1,0,0,0,1.440534821325912e-42,0.6944000124931335,2.0829999446868896
1171,0,"Creature\Pterrordax\Pterrordax.mdx",1,1,1,5,18,12,1,0,0,0,1.4685607906124083e-42,0.6944000124931335,2.0829999446868896
1191,0,"Creature\WarHorse\WarHorse.mdx",2,1,1,3,18,12,1,0,0,10,9.10844001811131e-44,0.6944000124931335,2.0829999446868896
1211,0,"Creature\Diemetradon\Diemetradon.mdx",1,1,3,7,18,12,1,0,0,0,1.4965867598989046e-42,0.6944000124931335,2.0829999446868896
1231,0,"Creature\DruidCat\DruidCat.mdx",1,1,1,7,18,12,1,0,0,0,1.524612729185401e-42,0.6944000124931335,2.0829999446868896
1232,0,"Creature\DruidCatTauren\DruidCatTauren.mdx",1,1,1,7,18,12,1,0,0,0,1.5260140276497258e-42,0.6944000124931335,2.0829999446868896
1251,3,"Creature\FireElemental\FireElementalGreen.mdx",0,1,-1,-1,18,12,1,0,0,0,1.60869063704489e-42,0.6944000124931335,2.0829999446868896
1271,3,"Creature\Spells\Creature_SpellPortal.mdx",0,1,-1,-1,18,12,1,0,0,0,1.6367166063313863e-42,0.41670000553131104,2.3610000610351562
1291,1,"Creature\Drake\OrcDrakeRider.mdx",3,1,1,-1,18,12,1,0,0,11,1.6647425756178827e-42,0.6944000124931335,2.0829999446868896
1311,0,"Creature\ZigguratCrystal\ZigguratCrystal.mdx",2,1,-1,-1,18,12,1,0,0,0,1.692768544904379e-42,0.6944000124931335,2.0829999446868896
1331,0,"Creature\FrostSabre\FrostSabre.mdx",1,1,1,7,24,18,1,0,0,0,1.7488204834773717e-42,0.6944000124931335,2.0829999446868896
1351,2,"Creature\CryptScarab\Crypt_Scarab.mdx",0,1,-1,-1,18,12,1,0,0,0,1.776846452763868e-42,1.6670000553131104,2.2219998836517334
1371,0,"Creature\Ram\RidingRam.mdx",1,1,1,6,18,12,1,0,0,0,1.8048724220503644e-42,0.6944000124931335,2.0829999446868896
1391,3,"Creature\Egg\EggCreature.mdx",0,1,-1,1,0,0,0,0,0,0,1.8328983913368607e-42,0,0
1411,0,"Creature\DragonSpawn\DragonSpawnOverlord.mdx",3,1,1,5,18,12,1,0,0,0,1.860924360623357e-42,0.6944000124931335,2.0829999446868896
1431,0,"Creature\Ogre\OgreWarlord.mdx",2,1,1,4,18,12,1,0,0,10,1.8889503299098534e-42,0.75,2.3610000610351562
1451,0,"Creature\FelBeast\FelBeast.mdx",2,1,3,1,20,14,1,0,1,11,1.9169762991963498e-42,0.6944000124931335,2.0829999446868896
1471,3,"Creature\GoblinRocketCar\GoblinRocketCar.mdx",1,1,-1,1,0,0,0,0,0,0,1.945002268482846e-42,0.6944000124931335,1.3890000581741333
1491,3,"Creature\Wight\Wight.mdx",2,1,2,4,18,12,1,0,0,0,1.9730282377693424e-42,0.6944000124931335,2.0829999446868896
1492,3,"Creature\spirithealer\SpiritHealer.mdx",1,1,-1,-1,18,12,1,0,0,0,1.9744295362336673e-42,0.6944000124931335,2.0829999446868896
1511,2,"Creature\MountedDeathKnight\RidingUndeadWarHorse.mdx",2,1,3,6,18,12,1,0,0,10,2.0010542070558388e-42,0.6944000124931335,2.0829999446868896
1531,0,"Creature\diablo\DiabloFunSized.mdx",0,1,3,5,10,6,1,0,0,0,2.0571061456288315e-42,0.6944000124931335,3.194000005722046
1532,0,"Creature\panda\PandaCub.mdx",0,1,1,7,10,6,1,0,0,0,2.0585074440931563e-42,0.6944000124931335,1.8140000104904175
1533,0,"Creature\zergling\ZerglingPet.mdx",0,1,1,5,10,6,1,0,0,0,2.059908742557481e-42,1.0049999952316284,2.494999885559082
1551,8,"Creature\Dragon\DragonOnyxia.mdx",4,1,1,5,18,12,1,0,2,12,2.6764800668604006e-43,0.6944000124931335,2.0829999446868896
1571,11,"Creature\Ragnaros\Ragnaros.mdx",4,1,-1,-1,18,12,1,0,0,12,2.113158084201824e-42,0.6944000124931335,2.0829999446868896
1591,0,"Creature\Dragon\DragonNefarian.mdx",4,1,3,5,18,12,1,0,2,12,2.6764800668604006e-43,0.6944000124931335,2.0829999446868896
1611,0,"Creature\Turkey\Turkey.mdx",0,1,1,5,3,2,1,0,0,0,2.14398665041697e-42,0,0
1631,0,"Creature\FelBoar\FelBoar.mdx",1,1,3,3,18,12,1,0,0,0,2.1692100227748168e-42,0,0
1651,0,"Creature\Dragon\DragonAzurgoz.mdx",3,1,3,5,30,20,2,0,2,12,2.6764800668604006e-43,0.6944000124931335,2.0829999446868896
1671,3,"Creature\CrystalPortal\CrystalPortal.mdx",0,1,-1,-1,0,0,0,0,0,0,2.1972359920613132e-42,0.6944000124931335,2.0829999446868896
1691,0,"Creature\Lord Kezzak\LordKezzak.mdx",3,1,3,3,18,12,1,0,10,10,9.528829557408756e-44,1.906999945640564,5.71999979019165
1711,0,"Creature\Kodobeast\RidingKodo.mdx",1,1,1,6,18,12,1,0,0,0,2.2252619613478095e-42,0.6944000124931335,2.0829999446868896
1731,3,"Creature\InvisibleStalker\InvisibleStalker.mdx",1,1,3,4,0,0,0,0,0,0,2.253287930634306e-42,0.7778000235557556,2.437999963760376
1751,0,"Creature\Tharazun\Tharazun.mdx",2,1,3,1,18,12,1,0,0,0,2.2813138999208022e-42,0.6944000124931335,2.0829999446868896
1752,3,"Creature\InvisibleStalker\InvisibleStalker.mdx",0,1,3,1,18,12,1,0,0,0,2.253287930634306e-42,0.7778000235557556,2.437999963760376
1753,0,"Creature\ObsidianDestroyer\ObsidianDestroyer.mdx",3,1,3,5,18,12,1,0,0,0,2.3093398692072985e-42,0.6944000124931335,2.0829999446868896
1771,0,"Creature\BoneGolem\BoneGolem.mdx",1,1,-1,4,0,0,0,0,0,0,2.337365838493795e-42,0.6944000124931335,2.0829999446868896
1791,0,"Creature\Imp\FireImp.mdx",0,1,3,5,0,0,0,0,0,0,2.3653918077802912e-42,0.4722000062465668,1.527999997138977
1811,0,"Creature\Lord Kezzak\LordKezzak.mdx",3,1,3,5,18,12,1,0,1,11,2.3934177770667876e-42,1.906999945640564,5.71999979019165
1831,11,"Creature\Snowman\SnowMan.mdx",1,1,-1,1,0,0,0,0,0,0,2.4494697156397802e-42,0.6944000124931335,1.3890000581741333
1851,0,"Creature\voidterror\VoidTerror.mdx",1,1,3,5,18,12,1,0,0,0,2.4774956849262766e-42,0.6944000124931335,2.0829999446868896
1871,9,"Creature\Manafiend\ManaFiend.mdx",1,1,-1,-1,0,0,0,0,0,0,2.505521654212773e-42,0.6944000124931335,2.0829999446868896
1891,0,"Creature\DragonFootSoldier\DragonFootSoldier.mdx",1,1,-1,1,18,12,1,0,0,10,2.5335476234992693e-42,0.6944000124931335,2.0829999446868896
1911,0,"Creature\DireWolf\PvPRidingDireWolf.mdx",1,1,1,7,24,18,1,0,0,0,2.5615735927857656e-42,0.9721999764442444,1.944000005722046
1912,0,"Creature\FrostSabre\PVPRidingFrostSabre.mdx",1,1,1,7,24,18,1,0,0,0,2.5629748912500904e-42,0.833299994468689,1.3890000581741333
1913,0,"Creature\Ram\PVPRidingRam.mdx",1,1,1,6,18,12,1,0,0,0,2.5643761897144152e-42,0.6944000124931335,2.0829999446868896
1914,0,"Creature\Kodobeast\KodoBeastPvPT2.mdx",1,1,1,6,18,12,1,0,0,0,2.56577748817874e-42,0.6944000124931335,2.0829999446868896
1915,0,"Creature\MechaStrider\PvPMechaStrider.mdx",1,1,3,5,18,12,1,0,0,0,2.567178786643065e-42,0.6944000124931335,2.0829999446868896
1916,0,"Creature\RidingRaptor\PvPRidingRaptor.mdx",1,1,1,5,24,18,1,0,0,0,2.5685800851073897e-42,0.6944000124931335,2.0829999446868896
1917,0,"Creature\RidingHorse\RidingHorsePvPT2.mdx",0,1,1,6,18,12,1,0,0,0,2.5699813835717145e-42,0.9444000124931335,2.7780001163482666
1931,0,"Creature\Drakeadon\Drakeadon.mdx",3,1,2,5,18,12,1,0,0,0,2.589599562072262e-42,0.6944000124931335,2.0829999446868896
1951,0,"Creature\Nightmare\Gorgon101.mdx",1,1,3,3,18,12,1,0,0,0,2.6176255313587583e-42,0.9444000124931335,2.7780001163482666
1952,0,"Creature\WarHorse\PVPWarHorse.mdx",1,1,1,3,18,12,1,0,0,0,2.619026829823083e-42,0,0
1971,0,"Creature\Spells\BattleStandard_Alliance.mdx",0,1,-1,-1,18,12,1,0,0,0,2.6456515006452546e-42,0,0
1972,0,"Creature\Spells\BattleStandard_Horde.mdx",0,1,-1,-1,0,0,0,0,0,0,2.6470527991095794e-42,0,0
1973,0,"Creature\DragonSpawn\DragonSpawnGreater.mdx",2,1,1,5,18,12,1,0,0,0,2.6484540975739043e-42,0.6944000124931335,2.0829999446868896
1991,0,"Creature\RIDINGHORSE\PackMule.mdx",1,1,1,3,0,0,0,0,0,0,2.673677469931751e-42,0.9444000124931335,2.7780001163482666
2011,0,"Creature\OrcMaleKid\OrcMaleKid.mdx",0,1,1,4,18,12,1,0,0,0,2.7017034392182473e-42,0.36809998750686646,1.305999994277954
2031,0,"Creature\OrcFemaleKid\OrcFemaleKid.mdx",0,1,1,1,18,12,1,0,0,0,2.7297294085047437e-42,0.36809998750686646,1.194000005722046
2051,0,"Creature\AncientOfLore\AncientofLore.mdx",4,1,3,5,18,12,1,0,2,12,2.4943112664981744e-43,0.6944000124931335,2.0829999446868896
2071,1,"Creature\ChineseDragon\ChineseDragon.mdx",0,1,1,-1,0,0,0,0,0,0,2.75775537779124e-42,0,0
2072,0,"Creature\Spells\BattleStandard_Frostwolf_A_01.mdx",0,1,-1,-1,0,0,0,0,0,0,2.7591566762555648e-42,0,0
2073,0,"Creature\Spells\BattleStandard_Stormpike_A_01.mdx",0,1,-1,-1,18,12,1,0,0,0,2.7605579747198896e-42,0,0
2091,0,"Creature\tigon\TigonMale.mdx",1,1,1,5,18,12,1,0,0,0,2.7857813470777363e-42,1.1109999418258667,2.125999927520752
2111,11,"Creature\Thunderaan\Thunderaan.mdx",0,1,-1,-1,18,12,1,0,0,12,2.8138073163642327e-42,0.6944000124931335,2.0829999446868896
2131,0,"Creature\tigon\TigonFemale.mdx",1,1,1,7,18,12,1,0,0,0,2.841833285650729e-42,1.1109999418258667,2.125999927520752
2151,0,"Creature\slith\Slith.mdx",1,1,-1,-1,0,0,0,0,0,0,2.8698592549372254e-42,0.6944000124931335,2.0829999446868896
2171,0,"Creature\mobat\Mobat.mdx",1,1,1,-1,0,0,0,0,0,0,2.897885224223722e-42,0.6944000124931335,2.0829999446868896
2191,0,"Creature\Dryder\Dryder.mdx",2,1,-1,-1,0,0,0,0,0,0,2.925911193510218e-42,0.6944000124931335,2.0829999446868896
2192,0,"Creature\Hakkar\Hakkar.mdx",0,1,-1,-1,18,12,1,0,0,0,2.927312491974543e-42,0.6944000124931335,2.0829999446868896
2193,0,"Creature\Hakkar\Hakkar.mdx",0,1,-1,-1,0,0,0,0,0,0,2.927312491974543e-42,0.6944000124931335,2.0829999446868896
2194,1,"Creature\FelBat\BatRider.mdx",1,1,1,-1,18,12,1,0,0,0,2.9287137904388677e-42,0.6944000124931335,2.0829999446868896
2195,0,"Creature\GnomeRocketCar\GnomeRocketCar.mdx",1,1,3,-1,0,0,0,0,0,0,2.9301150889031925e-42,5.064000129699707,6.251999855041504
2196,0,"Creature\Dragon\Taerar.mdx",3,1,1,5,30,20,3,0,2,12,2.931516387367517e-42,0.6944000124931335,2.0829999446868896
2197,0,"Creature\Dragon\Lethon.mdx",3,1,1,5,30,20,5,0,2,12,2.932917685831842e-42,0.6944000124931335,2.0829999446868896
2198,0,"Creature\Murloc\BabyMurloc.mdx",0,1,1,5,7,5,1,0,0,0,2.934318984296167e-42,0.6944000124931335,1.3890000581741333
2199,0,"Creature\DruidOwlbear\DruidOwlBear.mdx",1,1,-1,5,18,12,1,0,0,0,2.935720282760492e-42,0.75,2.3610000610351562
2200,0,"Creature\DruidOwlbear\DruidOwlBearTauren.mdx",1,1,-1,5,18,12,1,0,0,0,2.9371215812248166e-42,0.75,2.3610000610351562
2201,11,"Creature\SteamTonk\SteamTonk.mdx",0,1,3,-1,18,12,1,0,0,0,2.9385228796891414e-42,0.44440001249313354,0.44440001249313354
2202,0,"Creature\Murloc\BabyMurloc.mdx",0,1,-1,5,18,12,1,0,0,0,2.934318984296167e-42,0.6944000124931335,1.3890000581741333
2204,1,"Creature\SilithidWaspBoss\SilithidWaspBoss.mdx",2,1,2,-1,18,12,1,0,0,0,2.941325476617791e-42,0,0
2205,0,"Creature\Horisath\Horisath.mdx",3,1,-1,1,18,12,1,0,0,0,2.942726775082116e-42,0.6944000124931335,2.0829999446868896
2206,3,"Creature\InvisibleMan\InvisibleMan.mdx",1,1,-1,-1,0,0,0,0,0,0,2.9441280735464407e-42,0.7778000235557556,2.437999963760376
2208,4,"Character\BloodElf\Male\BloodElfMale.mdx",1,1,1,1,12,18,1,0,0,0,3.019798190619981e-42,0.6111000180244446,2.0309998989105225
2209,4,"Character\BloodElf\Female\BloodElfFemale.mdx",1,1,1,1,9,12,1,0,0,0,3.0211994890843056e-42,0.6111000180244446,2.0309998989105225
2213,1,"Creature\EyeOfKathune\EyeofKathune.mdx",4,1,3,-1,18,12,1,0,0,12,2.951134565868065e-42,0,0
2216,1,"Creature\SilithidTankBoss\SilithidTankBoss.mdx",2,1,2,-1,18,12,1,0,0,0,2.9539371627967144e-42,0,0
2217,1,"Creature\SilithidTankBoss\SilithidTankBoss_Damaged.mdx",2,1,2,-1,0,0,0,0,0,0,2.955338461261039e-42,0,0
2218,1,"Creature\SandWorm\SandWorm.mdx",4,1,2,-1,18,12,1,0,0,0,2.956739759725364e-42,0.6111000180244446,2.0309998989105225
2220,1,"Creature\RidingSilithid\RidingSilithid.mdx",1,1,2,-1,18,12,1,0,0,0,2.9595423566540137e-42,0,0
2221,0,"Creature\SlimeGiant\GiantSlime.mdx",3,1,2,-1,18,12,1,0,0,0,1.1350517561031018e-43,0,0
2222,0,"Creature\SandReaver\SandReaver.mdx",2,1,2,-1,18,12,1,0,0,0,2.9609436551183385e-42,0,0
2223,0,"Creature\TwinEmperor\TwinEmperor.mdx",2,1,2,-1,0,0,0,0,0,0,2.962344953582663e-42,0,0
2224,0,"Creature\BODYOFKATHUNE\BodyofKathune.mdx",4,1,-1,-1,0,0,0,0,0,38,2.963746252046988e-42,0,0
2225,0,"Creature\HalfBodyofKathune\HalfBodyofKathune.mdx",4,1,-1,-1,0,0,0,0,0,0,2.965147550511313e-42,0,0
2226,0,"Creature\EyeStalkofKathune\EyeStalkofKathune.mdx",2,1,3,-1,18,12,1,0,0,0,2.951134565868065e-42,0,0
2227,0,"Creature\ClawofKathune\ClawofKathune.mdx",2,1,3,-1,18,12,1,0,0,0,2.966548848975638e-42,0,0
2228,0,"Creature\MouthofKathune01\MouthofKathune01.mdx",2,1,3,-1,18,12,1,0,0,0,2.9679501474399626e-42,0,0
2229,0,"Creature\Shark\Shark.mdx",3,1,1,-1,18,12,1,0,0,0,2.5643761897144152e-43,0,0
2230,0,"Creature\PortalofKathune\PortalofKathune.mdx",3,1,-1,-1,0,0,0,0,0,0,2.9693514459042874e-42,0,0
2231,0,"Creature\NIAN\Nian.mdx",2,1,3,5,18,12,1,0,1,11,2.970752744368612e-42,0,0
2232,0,"Creature\ReinDeer\ReinDeer.mdx",1,1,1,6,18,12,1,0,0,0,2.972154042832937e-42,0,0
2233,0,"Creature\ReinDeer\ReinDeerMount.mdx",1,1,1,6,18,12,1,0,0,0,2.973555341297262e-42,0,0
2234,9,"Creature\CryptLord\CryptLord.mdx",2,1,3,-1,18,12,1,0,0,0,2.9749566397615866e-42,0,0
2236,3,"Creature\KelThuzad\KelThuzad.mdx",3,1,-1,-1,18,12,1,0,0,0,2.977759236690236e-42,0,0
2237,1,"Creature\Cupid\Cupid.mdx",1,1,1,-1,18,12,1,0,0,0,2.979160535154561e-42,0,0
2239,0,"Creature\SPELLS\ValentinesDummy.mdx",1,1,-1,-1,18,12,1,0,0,0,2.980561833618886e-42,0,0
2240,0,"Creature\SpiritofRedemption\SpiritOfRedemption.mdx",0,1,-1,-1,18,12,1,0,0,0,2.981963132083211e-42,0,0
2241,0,"Creature\FrostWurm\FrostWurm.mdx",3,1,-1,5,18,12,1,0,0,0,2.9833644305475355e-42,0,0
2242,0,"Creature\FleshGiant\FleshGiant.mdx",3,1,2,4,18,12,1,0,0,0,2.9847657290118604e-42,0,0
2243,1,"Creature\GiantSpider\GiantSpider.mdx",3,1,3,-1,18,12,1,0,0,0,2.986167027476185e-42,0,0
2244,0,"Creature\MadScientist\MadScientist.mdx",1,1,1,4,18,12,1,0,0,0,2.98756832594051e-42,0,0
2245,0,"Creature\UndeadBeast\UndeadBeast.mdx",3,1,2,5,18,12,1,0,0,0,2.988969624404835e-42,0,0
2246,0,"Creature\FungalMonster\FungalMonster.mdx",3,1,3,1,18,12,1,0,0,0,2.9903709228691596e-42,0,0
2247,3,"Creature\SporeCreature\SporeCreature.mdx",1,1,2,-1,18,12,1,0,0,0,2.9917722213334844e-42,0,0
2251,0,"Creature\QuestObjects\Creature_ScourgeCrystal.mdx",0,1,-1,-1,0,0,0,0,0,0,2.993173519797809e-42,0,0
2252,0,"Creature\QuestObjects\Creature_ScourgeCrystalDamaged.mdx",0,1,-1,-1,0,0,0,0,0,0,2.994574818262134e-42,0,0
2253,0,"Creature\FleshTitan\FleshTitan.mdx",1,1,1,1,18,12,1,0,0,0,2.995976116726459e-42,0.6111000180244446,2.0309998989105225
2254,0,"Creature\MOUNTEDDEATHKNIGHT\MountedDeathKnight_Mograine.mdx",1,1,-1,-1,18,12,1,0,0,0,2.997377415190784e-42,0,0
2255,0,"Creature\MOUNTEDDEATHKNIGHT\MountedDeathKnight_Blaumeux.mdx",0,1,-1,-1,0,0,0,0,0,0,2.9987787136551085e-42,0,0
2256,0,"Creature\MOUNTEDDEATHKNIGHT\MountedDeathKnight_Zeliek.mdx",0,1,-1,-1,0,0,0,0,0,0,3.0001800121194333e-42,0,0
2257,0,"Creature\MOUNTEDDEATHKNIGHT\MountedDeathKnight_Korthazz.mdx",0,1,-1,-1,0,0,0,0,0,0,3.001581310583758e-42,0,0
2258,0,"Creature\Shade\ShadeWhite.mdx",0,1,-1,-1,0,0,0,0,0,0,3.002982609048083e-42,0,0
2259,0,"Creature\Bear\PolarBearCub.mdx",0,1,-1,-1,18,12,1,0,0,0,3.004383907512408e-42,0,0
2260,0,"Creature\Cocoon\Cocoon.mdx",1,1,-1,-1,0,0,0,0,0,0,3.0057852059767326e-42,0,0
2261,0,"Creature\Necromancer\Necromancer.mdx",1,1,1,1,18,12,1,0,0,0,3.0071865044410574e-42,0,0
2264,0,"Creature\Pig\Pig.mdx",0,1,-1,-1,18,12,1,0,0,0,9.248569864543793e-44,0,0
2265,0,"Creature\Turtle\Turtle.mdx",0,1,-1,-1,18,12,1,0,0,0,2.396220373995437e-43,0,0
2268,0,"Creature\WISP\WispRed.mdx",0,1,-1,-1,0,0,0,0,0,0,3.0141929967626815e-42,0,0
2296,3,"Creature\InvisibleStalker\InvisibleStalkerNoName.mdx",1,1,3,4,18,12,1,0,0,0,2.253287930634306e-42,0,0
2325,0,"Creature\RidingTurtle\RidingTurtle.mdx",1,1,-1,6,18,12,1,0,0,0,3.077251427657298e-42,0.6944000124931335,2.0829999446868896
2326,3,"Creature\GRYPHON\Gryphon.mdx",0,1,-1,-1,18,12,1,0,0,0,3.078652726121623e-42,0,0
2332,1,"Creature\AllianceRider\AllianceRider.mdx",0,1,-1,-1,18,12,1,0,0,0,3.0842579199789224e-42,0,0
2333,1,"Creature\HordeRider\HordeRider.mdx",0,1,-1,-1,18,12,1,0,0,0,3.085659218443247e-42,0,0
2337,0,"Creature\Landro\Landro.mdx",0,1,-1,1,0,0,0,0,0,0,3.0912644123005465e-42,0,0
2355,0,"Creature\Tiger\Tigercub.mdx",0,1,-1,7,0,0,0.25,0,0,0,3.094067009229196e-42,0,0
2356,0,"Creature\Hippogryph\HippogryphPet.mdx",0,1,-1,-1,0,0,0,0,0,0,3.095468307693521e-42,0,0
2365,1,"Creature\GRYPHON\Gryphon_Ghost.mdx",0,1,-1,-1,18,12,1,0,0,0,3.124895575444342e-42,0.6944000124931335,2.0829999446868896
2400,0,"Creature\BloodElfGuard\BloodElfMale_Guard.mdx",1,1,1,1,18,12,1,0,0,0,4.077778531185218e-43,0.5848000049591064,2.0280001163482666
2401,0,"Creature\Mistfox\Mistfox.mdx",1,1,1,7,9,6,1,0,0,0,6.025583396596713e-44,0.6944000124931335,2.0829999446868896
2402,2,"Creature\ArcaneGolem\ArcaneGolem.mdx",1,1,3,-1,18,12,1,0,0,10,3.011390399834032e-42,0.6944000124931335,2.0829999446868896
2403,2,"Creature\ArcaneGolem\ArcaneGolemBroken.mdx",1,1,3,-1,18,12,1,0,0,10,3.012791698298357e-42,0.6944000124931335,2.0829999446868896
2404,2,"Creature\ArcaneGolem\ArcaneGolemPurple.mdx",1,1,3,-1,18,12,1,0,0,10,3.011390399834032e-42,0.6944000124931335,2.0829999446868896
2405,0,"Creature\TempScourgeMaleNPC\ScourgeMaleNPC.mdx",1,1,1,1,18,12,1,0,0,0,2.0739217272007293e-43,0.6944000124931335,2.0829999446868896
2406,0,"Creature\Forsakenmage\Forsakenmage.mdx",1,1,1,1,18,12,1,0,0,0,2.0739217272007293e-43,0.6944000124931335,2.0829999446868896
2407,0,"Creature\BloodelfFemaleKid\BloodelfFemaleKid.mdx",1,1,1,4,18,12,1,0,0,0,1.1210387714598537e-43,0.36809998750686646,1.194000005722046
2408,0,"Creature\Eredar\Eredar.mdx",1,1,1,3,18,12,1,0,0,0,7.012097515481385e-42,0.6944000124931335,2.0829999446868896
2409,2,"Creature\EredarFemale\EredarFemale.mdx",1,1,1,3,18,12,1,0,0,0,7.006492321624085e-42,0.6944000124931335,2.0829999446868896
2410,0,"Creature\illidan\illidan.mdx",1,1,1,1,18,12,1,0,0,0,7.014900112410034e-42,0.6263999938964844,2.6059999465942383
2411,0,"Creature\kaelthas\kaelthas.mdx",1,1,1,1,18,12,1,0,0,0,7.01069621701706e-42,0.5848000049591064,2.0280001163482666
2412,0,"Creature\medivh\medivh.mdx",1,1,1,1,18,12,1,0,0,0,2.6624670822171524e-44,0.5097000002861023,2.0309998989105225
2413,0,"Creature\DragonSpawnArmoredDarkshade\DragonSpawnArmoredDarkshade.mdx",1,1,1,5,18,12,1,0,0,0,6.58610278232664e-44,0.6944000124931335,2.0829999446868896
2414,0,"Creature\DragonSpawnDarkshade\DragonSpawnDarkshade.mdx",1,1,1,5,18,12,1,0,0,0,6.58610278232664e-44,0.6944000124931335,2.0829999446868896
2415,0,"Creature\DragonSpawnCasterDarkshade\DragonSpawnCasterDarkshade.mdx",1,1,1,5,18,12,1,0,0,0,6.58610278232664e-44,0.6944000124931335,2.0829999446868896
2416,9,"Creature\DragonWhelpDarkshade\DragonWhelpDarkshade.mdx",0,1,1,-1,18,12,1,0,0,0,8.407790785948902e-45,0.6944000124931335,2.0829999446868896
2417,9,"Creature\DrakeDarkshade\DrakeDarkshade.mdx",2,1,1,1,18,12,1,0,0,10,7.118596198770071e-43,0.6944000124931335,2.0829999446868896
2418,0,"Creature\DragonDarkshade\DragonDarkshade.mdx",4,1,1,5,30,20,3,0,2,12,2.6764800668604006e-43,0.6944000124931335,2.0829999446868896
2419,0,"Creature\Miev\Miev.mdx",1,1,1,1,12,10,1,0,0,0,7.847271400218976e-44,0.5555999875068665,2.25
2420,0,"Creature\Akama\Akama.mdx",1,1,1,4,18,12,1,0,0,0,7.009294918552735e-42,0.6944000124931335,2.0829999446868896
2421,2,"Creature\Succubus\Succubusold.mdx",1,1,1,3,18,12,1,0,0,0,5.184804318001823e-44,0.6944000124931335,2.0829999446868896
2422,0,"Creature\Ogre\Ogreold.mdx",3,1,1,4,18,12,1,0,0,10,4.484155085839415e-44,0.75,2.3610000610351562
2423,8,"Creature\OgreMage\OgreMage.mdx",3,1,1,1,18,12,1,0,0,10,4.624284932271896e-44,0.75,2.3610000610351562
2424,0,"Creature\OgreWarlord\OgreWarlord.mdx",2,1,1,4,18,12,1,0,0,10,1.8889503299098534e-42,0.75,2.3610000610351562
2425,3,"Creature\Broom\Be_Broom01.mdx",1,1,-1,-1,18,12,1,0,0,0,3.046422861442152e-42,0.6944000124931335,2.0829999446868896
2426,0,"Creature\arthaslichking\arthaslichking.mdx",1,1,1,1,18,12,1,0,0,0,7.01349881394571e-42,0.5097000002861023,2.0309998989105225
2427,8,"Creature\rexxar\rexxar.mdx",3,1,1,1,18,12,1,0,0,10,4.624284932271896e-44,0.75,2.3610000610351562
2428,0,"Creature\Zuljin\Zuljin.mdx",1,1,-1,4,18,12,1,0,0,0,1.6815581571897805e-43,0.6944000124931335,2.0829999446868896
2429,0,"Creature\OrcFemaleWarriorLight\OrcFemale.mdx",1,1,1,1,12,11,1,0,0,0,7.286752014489049e-44,0.4722000062465668,2.0510001182556152
2430,0,"Creature\Pitlord\Pitlord.mdx",4,1,1,5,30,20,3,0,2,12,7.016301410874359e-42,0.6944000124931335,2.0829999446868896
2431,0,"Creature\tamamo\tamamo.mdx",1,1,1,7,18,12,1,0,0,0,7.017702709338684e-42,0.6944000124931335,2.0829999446868896
2432,0,"Creature\geist\geist.mdx",0,1,-1,4,18,12,1,0,0,0,1.9898438193412402e-43,0.6944000124931335,2.0829999446868896
2433,0,"Creature\bearmountalt\Bearmountalt.mdx",1,1,1,7,18,12,1,0,0,0,1.1630777253895982e-43,0.6944000124931335,1.8140000104904175
2434,0,"Creature\Chickenmount\Chickenmount.mdx",0,1,1,5,4,3,1,0,0,0,1.555441295400547e-43,0.2777999937534332,0.41670000553131104
2435,8,"Creature\chogall\chogalldisciple.mdx",3,1,1,1,18,12,1,0,0,10,4.624284932271896e-44,0.75,2.3610000610351562
2436,0,"Creature\Cenarius\Cenarius.mdx",1,1,1,6,18,12,1,0,0,0,3.5032461608120427e-44,0.6944000124931335,2.0829999446868896
2437,0,"Creature\Monkey\Monkey.mdx",0,1,1,4,18,12,1,0,0,0,1.891752926838503e-43,0.6944000124931335,2.0829999446868896
2438,0,"Creature\Watcher\Watcher.mdx",1,1,1,1,12,10,1,0,0,0,7.847271400218976e-44,0.5555999875068665,2.25
2439,1,"Creature\NagaLordMale\NagaLordMale.mdx",1,1,1,1,1,1,1,0,0,0,4.330012254763685e-43,0.6944000124931335,2.0829999446868896
2440,0,"Creature\Rockflayer\Rockflayer.mdx",1,1,1,3,18,12,1,0,0,0,7.00789362008841e-42,0.6944000124931335,2.0829999446868896
2441,0,"Creature\DragonFootSoldierDarkShade\DragonFootSoldierDarkShade.mdx",1,1,-1,1,18,12,1,0,0,10,2.5335476234992693e-42,0.6944000124931335,2.0829999446868896
2442,1,"Creature\LadyVashj\LadyVashj.mdx",1,1,-1,-1,18,12,1,0,0,0,6.558076813040144e-43,0.6944000124931335,2.0829999446868896
2443,0,"Creature\HUMSGuardBig\HUMSGuardBig.mdx",1,1,1,1,18,12,1,0,0,0,2.942726775082116e-44,0.5097000002861023,2.0309998989105225
2444,0,"Creature\HUMSGuardBig\HUMSFootmanBig.mdx",1,1,1,1,18,12,1,0,0,0,2.942726775082116e-44,0.5097000002861023,2.0309998989105225
2445,0,"Creature\SpectralTiger\SpectralTiger.mdx",1,1,1,7,24,18,1,0,0,0,2.7465449900766415e-43,0.6944000124931335,2.0829999446868896
2446,0,"Creature\SpectralTiger\SpectralTigerEpic.mdx",1,1,1,7,24,18,1,0,0,0,2.7465449900766415e-43,0.6944000124931335,2.0829999446868896
2447,10,"Creature\Dragonhawk\Dragonhawk.mdx",0,1,1,1,18,12,1,0,0,0,8.547920632381384e-44,0.6944000124931335,2.0829999446868896
2448,10,"Creature\Phoenix\Phoenix.mdx",0,1,1,1,18,12,1,0,0,0,8.547920632381384e-44,0.6944000124931335,2.0829999446868896
2449,0,"Creature\Ravengod\Ravengod.mdx",0,1,1,5,4,3,1,0,0,0,1.555441295400547e-43,0.2777999937534332,0.41670000553131104
2450,8,"Creature\OgreMageLord\OgreMageLord.mdx",3,1,1,1,18,12,1,0,0,10,4.624284932271896e-44,0.75,2.3610000610351562
2451,0,"Creature\CrackElf\CrackElfMale.mdx",1,1,1,1,18,12,1,0,0,0,2.0739217272007293e-43,0.6944000124931335,2.0829999446868896
2452,0,"Creature\FelElfCasterFemale\FelElfCasterFemale.mdx",1,1,1,1,18,12,1,0,0,0,4.021726592612225e-43,0.4146000146865845,2.1419999599456787
2453,0,"Creature\FelElfHunterFemale\FelElfHunterFemale.mdx",1,1,1,1,18,12,1,0,0,0,4.021726592612225e-43,0.4146000146865845,2.1419999599456787
2454,0,"Creature\FelElfCasterMale\FelElfCasterMale.mdx",1,1,1,1,18,12,1,0,0,0,4.077778531185218e-43,0.5848000049591064,2.0280001163482666
2455,0,"Creature\FelElfWarriorMale\FelElfWarriorMale.mdx",1,1,1,1,18,12,1,0,0,0,4.077778531185218e-43,0.5848000049591064,2.0280001163482666
2456,0,"Creature\BloodelfMaleKid\BloodelfMaleKid.mdx",1,1,1,4,18,12,1,0,0,0,1.1070257868166055e-43,0.36809998750686646,1.305999994277954
2457,0,"Creature\MountedDeathKnight\UnMountedDeathKnight.mdx",1,1,1,1,18,12,1,0,0,0,7.01349881394571e-42,0.5097000002861023,2.0309998989105225
2458,0,"Creature\felhorse\FelHorseEpic.mdx",1,1,3,3,18,12,1,0,0,0,2.6176255313587583e-42,0.9444000124931335,2.7780001163482666
2459,0,"Creature\AntonidasHorse\AntH.mdx",1,1,1,6,18,12,1,0,0,0,9.10844001811131e-44,0.9444000124931335,2.7780001163482666
2460,0,"Creature\FacelessOne\FacelessOne.mdx",1,1,1,-1,0,0,0,0,0,0,2.962344953582663e-42,0,0
2461,0,"Creature\ZebraMount\ZebraMount.mdx",1,1,1,6,18,12,1,0,0,0,9.10844001811131e-44,0.9444000124931335,2.7780001163482666
2462,2,"Creature\FlyingNerubian\FlyingNerubian.mdx",1,1,1,0,18,12,1,0,0,0,5.605193857299268e-45,0,0
2463,0,"Creature\pandarenmonk\Pandarenmonk.mdx",1,1,1,7,18,12,1,0,0,0,1.1210387714598537e-44,0.6944000124931335,2.0829999446868896
2464,1,"Creature\Gryphon\Gryphon_armoredmount.mdx",2,1,1,-1,18,12,1,0,0,0,2.0318827732709848e-43,0.6944000124931335,2.0829999446868896
2465,1,"Creature\Gryphon\Gryphon_mount.mdx",2,1,1,-1,18,12,1,0,0,0,2.0318827732709848e-43,0.6944000124931335,2.0829999446868896
2466,9,"Creature\DrakeMount\Drakemount.mdx",2,1,1,1,18,12,1,0,0,10,7.118596198770071e-43,0.6944000124931335,2.0829999446868896
2467,1,"Creature\Wyvern\Wyvern_mount.mdx",1,1,1,-1,18,12,1,0,0,0,1.1911036946760945e-43,0.6944000124931335,2.0829999446868896
2468,1,"Creature\Wyvern\Wyvern_Armored.mdx",1,1,1,-1,18,12,1,0,0,0,1.1911036946760945e-43,0.6944000124931335,2.0829999446868896
2469,9,"Creature\HippogryphMount\Hippogryphmount.mdx",2,1,1,-1,18,12,1,0,0,0,1.2611686178923354e-43,0.6944000124931335,2.0829999446868896
2470,2,"Creature\GnomePounderMount\GnomePounderMount.mdx",2,1,-1,1,18,12,1,0,0,10,1.0509738482436128e-42,0.6944000124931335,2.0829999446868896
2471,3,"Creature\GnomeSpidertankMount\GnomeSpiderTankMount.mdx",2,1,3,-1,1,1,1,0,0,10,8.239634970229924e-43,0.6944000124931335,2.0829999446868896
2472,3,"Creature\GoblinRocketCarMount\GoblinRocketCarMount.mdx",1,1,-1,1,0,0,0,0,0,0,1.945002268482846e-42,0.6944000124931335,1.3890000581741333
2473,0,"Creature\GoblinShredderMount\GoblinShredderMOUNT.mdx",1,1,-1,1,18,12,1,0,0,0,2.4382593279251817e-43,0.6944000124931335,2.0829999446868896
2474,0,"Creature\Gryphonpet\Gryphonpet.mdx",1,1,1,7,18,12,1,0,0,0,7.017702709338684e-42,0.6944000124931335,2.0829999446868896
2475,2,"Creature\draeneifemalelow\draeneifemalelow.mdx",1,1,1,3,18,12,1,0,0,0,7.006492321624085e-42,0.6944000124931335,2.0829999446868896
2476,1,"Creature\Eagle\Eagle.mdx",1,1,1,1,18,12,1,0,0,0,4.90454462513686e-43,0.6944000124931335,2.0829999446868896
2477,0,"Creature\bearcub\BearCub.mdx",0,1,1,7,10,6,1,0,0,0,2.0585074440931563e-42,0.6944000124931335,1.8140000104904175
2478,0,"Creature\MountedDemonKnight\MountedDemonKnight.mdx",1,1,-1,6,18,12,1,0,0,0,9.080414048824815e-43,0.6944000124931335,2.0829999446868896
2479,0,"Creature\HumanMalePirateCrewman\HumanMalePirateCrewman_ghost.mdx",1,1,-1,4,18,12,1,0,0,0,1.793662034335766e-43,0.6944000124931335,2.0829999446868896
2480,1,"Creature\Crawler\Crawler.mdx",1,1,2,1,1,1,1,0,0,0,5.044674471569341e-44,0.6944000124931335,2.0829999446868896
2481,10,"Creature\Dragonhawk\DragonhawkMount.mdx",0,1,1,1,18,12,1,0,0,0,8.547920632381384e-44,0.6944000124931335,2.0829999446868896
2482,0,"Creature\bearmount\Bearmount.mdx",1,1,1,7,18,12,1,0,0,0,1.1630777253895982e-43,0.6944000124931335,1.8140000104904175
2483,0,"Creature\northrendbearmount\Northrendbearmountblizzcon.mdx",1,1,1,7,18,12,1,0,0,0,1.1630777253895982e-43,0.6944000124931335,1.8140000104904175
2484,11,"Creature\WaterElemental\WaterElemental_Red.mdx",1,1,1,-1,18,12,1,0,0,0,1.5414283107572988e-43,0.6944000124931335,2.0829999446868896
2485,3,"Creature\Timerift\Time_Rift1.mdx",0,1,2,-1,18,12,1,0,0,0,2.718519020790145e-43,0.6944000124931335,1.3890000581741333
2486,0,"Creature\geistalpha\geistalpha.mdx",0,1,-1,4,18,12,1,0,0,0,7.020505306267334e-42,0.6944000124931335,2.0829999446868896
2487,0,"Creature\Tuskarr\Tuskarrmale.mdx",1,1,1,1,18,12,1,0,0,0,2.382207389352189e-44,0.5097000002861023,2.0309998989105225
2488,11,"Creature\Frostlord\Frostlord.mdx",0,1,-1,-1,18,12,1,0,0,12,2.8138073163642327e-42,0.6944000124931335,2.0829999446868896
2489,0,"Creature\Frostlord\Frostlordcore.mdx",2,1,-1,-1,18,12,1,0,0,0,1.692768544904379e-42,0.6944000124931335,2.0829999446868896
2490,0,"Creature\Magnataur\Magnataur.mdx",2,1,1,7,18,12,1,0,0,0,2.536350220427919e-43,0.6944000124931335,2.0829999446868896
2491,0,"Creature\SeaVrykul\SeaVrykul.mdx",1,1,1,1,18,12,1,0,0,0,2.382207389352189e-44,0.5097000002861023,2.0309998989105225
2492,1,"Creature\EpicDruidFlightAlliance\EpicDruidFlightAlliance.mdx",1,1,1,1,18,12,1,0,0,0,4.90454462513686e-43,0.6944000124931335,2.0829999446868896
2493,3,"Creature\Gyrocopter\Gyrocopter_01.mdx",1,1,-1,-1,18,12,1,0,0,0,2.421443746353284e-42,0.6944000124931335,2.0829999446868896
2494,0,"Creature\Mammoth\Mammothmount2.mdx",3,1,1,1,18,12,1,0,1,10,3.783505853677006e-44,0.6944000124931335,2.0829999446868896
2495,3,"Creature\WhimsyshireCloudMount\WhimsyshireCloudMount.mdx",1,1,-1,-1,18,12,1,0,0,0,7.398855891635034e-43,0.6944000124931335,2.0829999446868896
2496,0,"Creature\Kudry\Kudryavka.mdx",1,1,1,1,18,12,1,0,0,0,1.8216880036222622e-44,0.5097000002861023,2.0309998989105225
2497,0,"Creature\SpectralTiger\SpectralTigerCub.mdx",0,1,1,7,4,3,1,0,0,0,7.959375277364961e-43,0.41670000553131104,0.5555999875068665
2498,0,"Creature\MountedDeathKnight\UnMountedDeathKnight2.mdx",1,1,1,1,18,12,1,0,0,0,7.01349881394571e-42,0.5097000002861023,2.0309998989105225
2499,10,"Creature\Warpstalker\Warpstalker.mdx",0,1,-1,5,18,12,1,0,0,0,1.9057659114817512e-43,0.6944000124931335,2.0829999446868896
2500,10,"Creature\warpstalkermountbc\warpstalkermountbc.mdx",0,1,-1,5,18,12,1,0,0,0,1.9057659114817512e-43,0.6944000124931335,2.0829999446868896
2501,0,"Creature\Dragonman\Dragonman.mdx",1,1,-1,1,18,12,1,0,0,10,2.5335476234992693e-42,0.6944000124931335,2.0829999446868896
2502,0,"Creature\Dragonman\Dragonman_var1.mdx",1,1,-1,1,18,12,1,0,0,10,2.5335476234992693e-42,0.6944000124931335,2.0829999446868896
2503,0,"Creature\FelOrcDire\FelOrcDire.mdx",2,1,1,1,18,12,1,0,0,0,1.2163270670339412e-42,0.6944000124931335,2.0829999446868896
2504,0,"Creature\FrostWurmFellfire\FrostWurmFellfire.mdx",3,1,-1,5,18,12,1,0,0,0,2.9833644305475355e-42,0,0
2505,2,"Creature\FelReaver\FelReaver.mdx",1,1,3,-1,18,12,1,0,0,10,3.011390399834032e-42,0.6944000124931335,2.0829999446868896
2506,3,"Creature\FelCannon\FelCannon.mdx",1,1,-1,4,18,12,1,0,0,0,3.7414668997472616e-43,0.6944000124931335,2.0829999446868896
2507,3,"Creature\FelCannon\FelCannon_02.mdx",1,1,-1,4,18,12,1,0,0,0,3.7414668997472616e-43,0.6944000124931335,2.0829999446868896
2508,0,"Creature\DragonSpawnOverlordDarkshade\DragonSpawnOverlordDarkshade.mdx",3,1,1,5,18,12,1,0,0,0,1.860924360623357e-42,0.6944000124931335,2.0829999446868896
2509,0,"Creature\druidtravelalliance\DruidTravelAlliance_Low01.mdx",1,1,1,6,18,12,1,0,0,0,2.5783891743576634e-43,0.6944000124931335,2.0829999446868896
2510,0,"Creature\arthasundead\arthasundead.mdx",1,1,1,1,18,12,1,0,0,0,7.01349881394571e-42,0.5097000002861023,2.0309998989105225
2511,0,"Creature\Arthas\Arthas.mdx",1,1,1,1,18,12,1,0,0,0,2.1019476964872256e-43,0.6111000180244446,2.0309998989105225
2512,2,"Creature\ClockworkGnome\ClockworkGnome.mdx",0,1,-1,-1,18,12,1,0,0,0,1.0201452820284668e-42,1.3890000581741333,4.166999816894531
2513,2,"Creature\ClockworkGnome\ClockworkGnome_A.mdx",0,1,-1,-1,18,12,1,0,0,0,1.0201452820284668e-42,1.3890000581741333,4.166999816894531
2514,2,"Creature\ClockworkGnome\ClockworkGnome_B.mdx",0,1,-1,-1,18,12,1,0,0,0,1.0201452820284668e-42,1.3890000581741333,4.166999816894531
2515,2,"Creature\ClockworkGnome\ClockworkGnome_C.mdx",0,1,-1,-1,18,12,1,0,0,0,1.0201452820284668e-42,1.3890000581741333,4.166999816894531
2516,2,"Creature\ClockworkGnome\ClockworkGnome_D.mdx",0,1,-1,-1,18,12,1,0,0,0,1.0201452820284668e-42,1.3890000581741333,4.166999816894531
2517,0,"Creature\Broommount\Broommount.mdx",0,1,-1,-1,0,0,0,0,0,0,3.0141929967626815e-42,0,0
2518,1,"Creature\NorthrendPenguin\NorthrendPenguin.mdx",1,1,1,1,18,12,1,0,0,0,4.90454462513686e-43,0.6944000124931335,2.0829999446868896
2519,0,"Creature\Cat\Cat_Hallowsend.mdx",0,1,1,7,4,3,1,0,0,0,7.959375277364961e-43,0.41670000553131104,0.5555999875068665
2520,2,"Creature\VoidWalkerOutland\VoidWalker_Outland.mdx",1,1,2,1,18,12,1,0,0,0,2.2701035122062037e-43,0.6944000124931335,2.0829999446868896
2521,0,"Creature\Ancientofarcane\Ancientofarcane.mdx",1,1,1,1,18,12,1,0,0,0,2.1019476964872256e-43,0.6111000180244446,2.0309998989105225
2522,0,"Creature\azshara\azshara.mdx",1,1,1,3,18,12,1,0,0,0,7.006492321624085e-42,0.6944000124931335,2.0829999446868896
2523,2,"Creature\incubus_low\Incubus_Low.mdx",1,1,1,3,18,12,1,0,0,0,3.019798190619981e-42,0.6944000124931335,2.0829999446868896
2524,3,"Creature\FlyingMachineCreature_vehicle\flyingmachinecreature_vehicle.mdx",1,1,-1,-1,18,12,1,0,0,0,2.421443746353284e-42,0.6944000124931335,2.0829999446868896
2525,11,"Creature\Murmur\Murmur.mdx",4,1,-1,-1,18,12,1,0,0,12,7.021906604731658e-42,0.6944000124931335,2.0829999446868896
2526,0,"Creature\RidingTalbuk\RidingTalbuk.mdx",1,1,1,6,18,12,1,0,0,0,1.8048724220503644e-42,0.6944000124931335,2.0829999446868896
2527,0,"Creature\RidingTalbuk\RidingTalbukEpic.mdx",1,1,1,6,18,12,1,0,0,0,1.8048724220503644e-42,0.6944000124931335,2.0829999446868896
2528,0,"Creature\Talbuk\Talbuk.mdx",1,1,1,6,18,12,1,0,0,0,1.8048724220503644e-42,0.6944000124931335,2.0829999446868896
2529,3,"Creature\Powersparkcreature\Powersparkcreature.mdx",1,1,-1,-1,18,12,1,0,0,0,2.4802982818549262e-43,0.7936000227928162,2.0829999446868896
2530,3,"Creature\AllianceBrassCannon\AllianceBrassCannon.mdx",1,1,-1,4,18,12,1,0,0,0,3.7414668997472616e-43,0.6944000124931335,2.0829999446868896
2531,1,"Creature\WyvernPet\WyvernPet.mdx",0,1,0,7,4,3,1,0,0,0,7.959375277364961e-43,0.41670000553131104,0.5555999875068665
2533,0,"Creature\Kvaldir\SeaVrykulMale.mdx",1,1,0,3,18,12,1,0,0,0,3.019798190619981e-42,0.6944000124931335,2.0829999446868896
2536,0,"Creature\BabyLich\BabyLich.mdx",0,1,0,0,0,0,0,0,0,0,1.8048724220503644e-42,0.6944000124931335,2.0829999446868896
2537,0,"Creature\BabyMoonkin\BabyMoonkin_NE.mdx",0,1,0,1,4,4,1,0,0,0,1.8048724220503644e-42,0.6944000124931335,2.0829999446868896
2538,0,"Creature\BabyRagnoros\BabyRagnoros.mdx",0,1,0,0,0,0,0,0,0,0,1.8048724220503644e-42,0.6944000124931335,2.0829999446868896
2539,0,"Creature\BabyCore\Corehoundpet.mdx",0,1,0,0,0,0,0,0,0,0,1.8048724220503644e-42,0.6944000124931335,2.0829999446868896
2540,0,"Creature\NorthrendWorgen\NorthrendWorgen.mdx",1,1,1,7,18,12,1,0,0,0,6.165713243029195e-44,1.1109999418258667,2.125999927520752
2541,1,"Creature\WindSerpentOutland\WindSerpentOutland.mdx",2,1,1,5,18,12,1,0,0,0,1.0509738482436128e-43,0.6944000124931335,2.0829999446868896
2542,2,"Creature\GiantSpider\GiantSpider.mdx",1,1,1,0,18,12,1,0,0,0,5.605193857299268e-45,0,0
2543,0,"Creature\MountedDeathKnight\UnMountedDeathKnight3.mdx",1,1,1,1,18,12,1,0,0,0,7.01349881394571e-42,0.5097000002861023,2.0309998989105225
2544,0,"Creature\felhorse\FelHorseEpicBlue.mdx",1,1,3,3,18,12,1,0,0,0,2.6176255313587583e-42,0.9444000124931335,2.7780001163482666
2545,0,"Creature\FrostSabre\SabreCub.mdx",0,1,-1,7,0,0,0.25,0,0,0,3.094067009229196e-42,0,0
2546,0,"Creature\northrendbearmount\Northrendbearmountblizzcon2.mdx",1,1,1,7,18,12,1,0,0,0,1.1630777253895982e-43,0.6944000124931335,1.8140000104904175
2547,9,"Creature\Drake\NorthrendDrake.mdx",2,1,1,1,18,12,1,0,0,10,7.118596198770071e-43,0.6944000124931335,2.0829999446868896
2548,1,"Creature\Krakken\Krakken.mdx",1,1,1,-1,18,12,1,0,0,0,2.9006878211523713e-43,1.0420000553131104,2.0829999446868896
2549,3,"Creature\WhaleShark\WhaleShark.mdx",1,1,1,-1,18,12,1,0,0,0,2.872661851865875e-43,0.6944000124931335,2.0829999446868896
2550,3,"Creature\Mastiff\Mastiff.mdx",1,1,1,-1,18,12,1,0,0,0,1.0229478789571165e-43,0.6944000124931335,2.0829999446868896
2551,4,"Character\Worgen\Female\WorgenFemale.mdx",1,1,1,7,18,12,1,0,0,0,6.165713243029195e-44,1.1109999418258667,2.125999927520752
2553,1,"Creature\Raven\Raven.mdx",1,1,1,1,18,12,1,0,0,0,4.90454462513686e-43,0.6944000124931335,2.0829999446868896
2554,0,"Creature\Murloc\DeepMurloc.mdx",1,1,1,4,18,12,1,0,0,0,4.344025239406933e-44,0.6944000124931335,1.3890000581741333
2555,0,"Creature\Kaelthas_Broken\witheredking.mdx",1,1,1,1,18,12,1,0,0,0,7.01069621701706e-42,0.5848000049591064,2.0280001163482666
2556,0,"Creature\Manawurm\manawurm.mdx",0,1,-1,-1,0,0,0,0,0,0,3.0141929967626815e-42,0,0
2557,8,"Creature\AncientOfarcane\Ancientofarcane.mdx",4,1,-1,1,18,12,1,0,2,11,2.5083242511414226e-43,0.6944000124931335,2.0829999446868896
2558,2,"Creature\Hawkstrider\Hawkstrider.mdx",1,1,1,5,18,12,1,0,0,0,5.324934164434305e-44,0.6944000124931335,2.0829999446868896
2559,0,"Creature\bloodelfguard\highelfelfmale_guard.mdx",1,1,1,1,18,12,1,0,0,0,7.01069621701706e-42,0.5848000049591064,2.0280001163482666
2600,0,"Creature\LadySylvanasWindrunner\LadySylvanasWindrunner.mdx",0,1,3,4,18,12,1,0,0,0,4.06096294961332e-42,0,0
2601,0,"Creature\Voljin\Voljin.mdx",1,1,1,1,12,0,0,0,0,0,0,0,0
2602,0,"Creature\Jaina\Jaina.mdx",1,1,1,1,12,0,0,0,0,0,0,0,0
2603,0,"Creature\Tyrande\Tyrande.mdx",1,1,1,1,12,0,0,0,0,0,0,0,0
2605,0,"Creature\Felbat\BatRiders.mdx",1,1,1,-1,18,0,0,0,0,0,0,0,0
2606,0,"Creature\Malfurion\Malfurion.mdx",0,0,0,0,0,0,0,0,0,0,0,0,0
2607,2,"Creature\FacelessOneAquatic\FacelessOneAquatic.mdx",4,1,1,4,18,12,1,0,1,11,4.90454462513686e-44,0.6944000124931335,2.0829999446868896
2608,0,"Creature\Rexxar\Rexxar.mdx",1,1,-1,1,18,18,1,0,0,0,3.354708523593612e-42,0.6111000180244446,2.0309998989105225
2609,0,"Creature\DeathKnightMount\DeathKnightMount.mdx",0,1,3,6,18,12,1,0,0,0,3.721848721246714e-42,0.6111000180244446,2.0309998989105225
2610,0,"Creature\KorkronEliteWolf\KorkronEliteWolf.mdx",1,1,1,7,24,18,1,0,0,0,2.5615735927857656e-42,0.9721999764442444,1.944000005722046
2611,0,"Creature\HordePvPMount\HordePvPMount.mdx",1,1,1,7,24,18,1,0,0,0,2.5615735927857656e-42,0.9721999764442444,1.944000005722046
2612,0,"Creature\ViciousWarRaptor\ViciousWarRaptor.mdx",1,1,1,5,24,18,1,0,0,0,2.5685800851073897e-42,0.6944000124931335,2.0829999446868896
2613,0,"Creature\ViciousWarKodo\ViciousWarKodo.mdx",1,1,1,6,18,12,1,0,0,0,2.56577748817874e-42,0.6944000124931335,2.0829999446868896
2614,2,"Creature\SkeletalWarHorse\SkeletalWarHorse.mdx",2,1,3,6,18,12,1,0,0,0,2.0010542070558388e-42,0.6944000124931335,2.0829999446868896
2615,0,"Creature\WarnightSabermount\WarnightSabermount.mdx",1,1,1,7,24,18,1,0,0,0,2.5629748912500904e-42,0.833299994468689,1.9830000400543213
2616,0,"Creature\AlliancePVPMount\AlliancePVPMount.mdx",0,1,1,6,18,12,1,0,0,0,2.5699813835717145e-42,0.9444000124931335,2.7780001163482666
2617,0,"Creature\ViciousWarMechanoStrider\ViciousWarMechanoStrider.mdx",1,1,3,5,18,12,1,0,0,0,2.567178786643065e-42,0.6944000124931335,2.0829999446868896
2618,0,"Creature\Mechanicalchicken\Mechanicalchicken.mdx",0,1,1,5,4,3,1,0,0,0,1.555441295400547e-43,0.2777999937534332,0.41670000553131104
2619,0,"Creature\LavaTarantula\LavaTarantula.mdx",0,0,0,-1,0,0,0,0,0,0,0,0,0
2620,0,"Creature\AncientSeaTurtle\AncientSeaTurtle.mdx",0,0,0,0,0,0,0,0,0,0,0,0,0
4001,0,"Creature\Boar\BoarArmored.mdx",2,1,1,3,9,9,1,0,0,0,9.248569864543793e-44,0.6111000180244446,2.0309998989105225
4015,4,"Creature\ThrallDoomplate\Thrall.mdx",1,1,1,1,14,14,1,0,0,0,7.146622168056567e-44,0.75,2.3610000610351562
90000,9,"Creature\DragonWhelp\DragonWhelpOld.mdx",0,1,1,-1,18,12,1,0,0,0,8.407790785948902e-45,0.6944000124931335,2.0829999446868896
90002,0,"Creature\Nightsaber\nightsaber.mdx",1,1,1,7,18,12,1,0,0,0,1.14906474074635e-43,0.6944000124931335,2.0829999446868896