id,precastKit,castKit,impactKit,stateKit,stateDoneKit,channelKit,hasMissile,missileModel,missilePathType,missileDestinationAttachment,missileSound,animationEventSoundId,flags,casterImpactKit,targetImpactKit
1,3,1,0,0,0,0,0,0,1,0,0,1,4349,0,0
2,2,1,0,0,0,0,0,0,1,0,0,0,0,0,0
3,32,11,0,0,0,0,0,0,1,0,1,74,4349,0,0
4,6,6,5,0,0,1,17,0,1,0,0,0,0,0,0
5,7,164,1947,0,0,0,0,0,1,4222,0,0,0,0,0
6,0,395,0,697,0,0,0,0,1,0,0,0,0,0,0
7,45,46,9,33,0,0,0,0,1,0,0,22,4349,0,0
8,32,0,0,0,0,1,2998,2,4,0,0,0,0,0,0
9,137,138,0,0,0,0,0,0,1,0,1,27,4349,0,0
10,114,118,0,87,0,0,0,0,1,0,0,0,0,0,0
11,17,47,0,0,0,0,0,0,1,0,1,29,4349,0,0
12,0,0,0,4689,0,0,0,0,1,0,0,0,0,0,0
13,194,9088,9089,3531,0,1,259,0,1,3013,0,0,0,0,1
14,195,203,0,73,0,0,0,0,1,0,0,0,0,0,0
15,32,11,0,73,0,0,0,0,1,0,0,0,0,0,0
16,195,203,24,0,0,0,0,0,1,0,0,0,0,0,0
17,195,160,0,9090,0,0,0,0,1,0,0,0,0,0,0
18,31,19,26,0,0,0,0,0,1,0,0,0,0,0,0
19,36,37,3031,0,0,0,0,0,1,0,0,0,0,0,0
20,30,38,133,0,0,1,52,0,1,0,0,0,0,0,0
21,0,0,0,0,0,0,0,0,1,0,1,51,4349,0,0
22,30,38,286,0,0,0,0,0,1,3011,0,0,0,0,0
23,0,3595,2614,0,0,0,0,0,1,0,0,0,0,0,0
24,35,11,34,33,0,0,0,0,1,0,0,22,4349,0,0
25,12,11,0,79,0,0,0,0,1,0,0,22,4349,0,0
26,35,11,24,0,0,0,0,0,1,0,0,0,0,0,0
27,217,218,42,0,0,0,0,0,1,0,0,0,0,0,0
28,30,38,145,0,0,1,188,0,1,1454,0,0,0,0,0
29,0,44,0,0,0,0,0,0,1,0,0,0,0,0,0
30,0,0,728,0,0,0,0,0,1,0,1,257,695,0,0
31,30,38,0,0,0,0,0,0,1,0,1,69,4349,0,0
32,345,181,56,0,0,0,0,0,1,0,0,0,0,0,0
33,60,61,0,235,716,0,0,0,1,0,1,420,695,0,0
34,0,259,255,0,0,0,0,0,1,0,0,0,0,0,0
35,30,38,57,0,0,0,0,0,1,0,0,0,0,0,0
36,124,321,282,0,0,0,0,0,1,0,0,0,0,0,0
37,223,224,62,292,0,0,0,0,1,0,0,293,4349,0,0
38,345,181,0,66,0,0,0,0,1,0,0,0,0,0,0
39,0,324,437,0,0,0,0,0,1,0,0,0,0,0,0
40,17,47,0,69,0,0,0,0,1,0,0,0,0,0,0
41,9094,9095,70,0,0,0,0,0,1,0,0,0,0,0,0
42,0,9074,83,0,0,0,0,0,1,0,0,0,0,0,0
43,0,0,3149,0,0,1,2042,2,1,3012,0,0,0,0,0
44,0,75,0,0,0,0,0,0,1,0,0,0,0,0,0
45,0,218,117,0,0,0,0,0,1,0,0,0,0,0,0
46,60,61,76,235,0,0,0,0,1,0,0,0,0,0,0
47,0,81,373,108,0,0,0,0,1,0,0,0,0,0,0
48,64,65,78,0,0,0,0,0,1,0,0,0,0,0,0
49,0,84,85,0,0,0,0,0,1,0,0,0,0,0,0
50,0,86,90,0,0,0,0,0,1,0,0,0,0,0,0
51,0,0,0,409,0,0,0,0,1,0,0,0,0,0,2
52,0,91,89,0,0,0,0,0,1,0,0,0,0,0,0
53,92,92,0,0,0,0,0,0,1,0,0,0,0,0,0
54,0,0,4990,0,0,0,0,0,1,0,0,0,0,0,0
55,0,0,6029,0,0,0,0,0,1,0,0,0,4349,0,0
56,0,0,0,69,0,0,0,0,1,0,0,0,0,0,0
57,99,270,98,0,0,0,0,0,1,0,0,0,0,0,0
58,100,183,101,0,0,0,0,0,1,0,0,0,0,0,0
59,102,103,24,0,0,0,0,0,1,0,0,0,0,0,0
60,104,105,24,0,0,0,0,0,1,0,0,0,0,0,0
61,195,203,24,0,0,0,0,0,1,0,0,0,0,0,0
62,109,110,112,111,0,0,0,0,1,0,0,0,0,0,0
63,99,270,431,0,0,0,0,0,1,0,0,0,0,0,0
64,114,9047,9051,0,0,1,151,0,1,3015,0,0,0,0,0
65,0,5150,0,0,0,1,2682,0,1,0,0,0,0,0,1
66,0,0,122,0,0,0,0,0,1,0,0,0,0,0,0
67,30,38,286,0,0,1,365,0,1,3011,0,0,0,0,0
68,266,267,126,360,0,0,0,0,1,0,0,0,0,0,0
69,0,127,0,0,0,0,0,0,1,0,0,0,0,0,0
70,114,118,0,535,0,0,0,0,1,0,0,0,0,0,0
71,217,9109,9110,0,0,0,0,0,1,3015,0,0,0,0,0
72,266,425,130,3450,0,0,0,0,1,0,0,0,0,0,0
73,131,132,0,136,0,0,0,0,1,0,0,0,0,0,0
74,137,138,0,0,729,0,0,0,1,0,0,0,0,0,0
75,140,141,142,0,0,0,0,0,1,0,0,0,0,0,0
76,99,270,146,0,0,0,0,0,1,0,0,0,0,0,0
77,99,96,147,0,0,0,0,0,1,0,0,0,0,0,0
78,99,270,148,0,0,0,0,0,1,0,0,0,0,0,0
79,99,96,149,0,0,0,0,0,1,0,0,0,0,0,0
80,99,270,150,0,0,0,0,0,1,0,0,0,0,0,0
81,99,96,151,0,0,0,0,0,1,0,0,0,0,0,0
82,99,270,152,0,0,0,0,0,1,0,0,0,0,0,0
83,99,96,153,0,0,0,0,0,1,0,0,0,0,0,0
84,0,0,0,1564,0,0,0,0,1,0,0,0,0,0,0
85,43,67,82,0,0,0,0,0,1,0,0,0,0,0,0
86,99,270,226,0,0,0,0,0,1,0,0,0,0,0,0
87,266,730,0,27,0,0,0,0,1,0,0,0,0,0,0
88,159,0,0,0,0,0,0,0,1,0,0,0,0,0,0
89,0,0,0,0,0,1,188,0,1,0,0,1,4349,0,0
90,0,162,133,0,0,0,0,0,1,0,0,0,0,0,0
91,64,0,0,0,0,0,0,0,1,0,0,0,0,1142,0
92,163,0,0,0,0,0,0,0,1,0,0,0,0,0,0
93,166,0,0,0,0,0,0,0,1,3782,0,0,0,1143,0
94,106,47,18,0,0,1,32,0,1,0,0,0,0,0,0
95,169,47,18,0,0,1,32,0,1,0,0,0,0,0,0
96,170,47,18,0,0,1,32,0,1,0,0,0,0,0,0
97,124,316,317,0,0,0,157,0,1,0,0,0,0,0,0
98,171,172,0,0,0,0,0,0,1,3318,0,0,0,0,0
99,217,4212,0,0,0,0,0,0,1,0,0,0,0,0,0
100,0,173,0,3949,3729,0,0,0,1,0,0,0,0,0,0
101,0,438,0,0,0,0,0,0,1,0,0,0,0,0,2
102,159,0,0,0,0,0,0,0,1,0,0,0,0,0,0
103,0,38,0,69,0,0,0,0,1,0,0,0,0,0,0
104,176,0,0,0,0,0,0,0,1,0,0,0,0,0,0
105,217,218,0,0,0,0,0,0,1,0,1,459,4349,0,0
106,0,178,0,0,0,0,0,0,1,0,0,0,0,0,0
107,0,179,9007,0,0,0,0,0,1,1454,0,0,0,0,0
108,358,368,0,0,0,0,0,0,1,0,0,0,0,0,0
109,0,180,0,0,0,0,0,0,1,0,0,0,0,0,0
110,0,182,815,0,0,0,0,0,1,0,0,0,0,0,0
111,0,0,145,0,0,0,0,0,1,0,0,0,0,0,0
112,0,182,82,349,0,0,0,0,1,0,0,0,0,0,0
113,0,86,90,33,0,0,0,0,1,0,0,0,0,0,0
114,0,0,419,0,0,1,2042,0,1,-1,0,0,0,0,0
115,31,160,18,108,108,0,0,0,1,0,0,172,4349,0,0
116,194,202,0,125,0,0,231,0,1,0,0,0,0,0,0
117,0,6332,0,0,0,0,0,0,1,0,0,0,0,0,0
118,0,0,0,0,0,0,0,0,1,0,1,3031,0,0,0
119,12,11,0,108,0,0,0,0,1,0,0,22,4349,0,0
120,184,119,121,0,0,0,224,0,1,0,0,0,0,0,0
121,0,0,220,0,0,0,0,0,1,0,0,0,0,0,0
122,217,218,54,0,0,0,157,0,1,0,0,0,0,0,0
123,30,38,213,0,0,1,237,0,1,0,0,0,0,0,0
124,194,203,222,0,0,0,0,0,1,0,0,0,0,0,0
125,338,224,318,0,718,0,0,0,1,0,1,328,700,0,0
126,186,329,211,0,0,1,225,0,1,3012,0,0,0,0,1
127,302,302,0,303,0,0,0,0,1,0,0,0,0,0,0
128,9111,9112,9113,0,0,0,0,0,1,0,0,0,0,0,0
129,187,188,210,0,0,0,0,0,1,0,0,0,0,0,0
130,217,218,227,0,0,0,0,0,1,0,0,0,0,0,0
131,266,730,230,0,0,0,0,0,1,0,0,0,0,0,0
132,184,119,228,0,0,0,0,0,1,0,0,0,0,0,0
133,67,0,82,0,0,0,0,0,1,0,0,0,0,0,0
134,99,270,231,0,0,0,0,0,1,0,0,0,0,0,0
135,99,270,9099,0,0,0,0,0,1,0,0,0,0,0,0
136,196,204,214,0,0,1,232,0,1,0,0,0,0,0,0
137,217,4910,0,325,4911,0,0,0,1,0,0,0,0,0,0
138,398,275,0,0,0,0,0,0,1,0,0,0,0,0,0
139,114,118,0,288,0,0,0,0,1,0,0,0,0,0,0
140,217,493,310,0,0,0,0,0,1,0,0,0,0,0,0
141,60,61,273,0,0,0,0,0,1,0,0,0,0,0,0
142,345,181,319,0,0,0,0,0,1,0,0,0,0,0,0
143,0,38,728,0,0,0,0,0,1,0,0,0,0,0,0
144,196,9152,9153,0,0,0,0,0,1,0,0,0,0,0,0
145,0,356,283,360,0,0,0,0,1,0,0,0,0,0,0
146,0,0,0,0,0,0,0,0,1,0,0,0,0,0,0
147,0,237,232,0,0,0,0,0,1,0,0,0,0,0,2
148,238,239,213,349,0,1,258,0,2,0,1,257,1704,0,0
149,0,0,0,242,0,0,0,0,1,0,0,0,0,0,0
150,114,3269,0,243,0,0,0,0,1,0,0,0,0,0,0
151,114,118,0,244,0,0,0,0,1,0,0,0,0,0,0
152,186,189,456,0,0,0,0,0,1,0,0,0,0,0,0
153,0,0,251,0,0,0,0,0,1,0,0,0,0,0,0
154,99,417,0,252,0,0,0,0,1,0,0,0,0,0,0
155,0,9184,9185,0,0,0,0,0,1,0,0,0,0,0,0
156,159,0,0,0,0,0,0,0,1,0,0,0,0,0,0
157,60,61,249,0,0,0,0,0,1,0,0,0,0,0,0
158,0,267,254,0,0,0,0,0,1,0,0,0,0,0,0
159,439,256,0,0,0,0,0,0,1,0,0,0,0,0,0
160,0,750,831,0,0,0,0,0,1,0,0,0,0,0,0
161,403,260,0,0,0,0,0,0,1,0,0,0,0,0,0
162,171,172,1006,0,0,1,224,0,1,0,0,0,0,0,0
163,0,341,0,262,342,0,0,0,1,0,0,0,0,0,0
164,0,265,0,814,284,0,0,0,1,0,0,0,0,0,0
165,0,265,264,0,473,0,0,0,1,0,0,0,0,0,0
166,0,268,290,33,0,0,0,0,1,0,0,0,0,0,0
167,0,269,0,0,0,0,0,0,1,0,0,0,0,0,0
168,217,218,271,0,0,0,0,0,1,0,0,0,0,0,0
169,217,218,272,0,0,0,0,0,1,0,0,0,0,0,0
170,0,279,0,301,0,0,0,0,1,0,0,0,0,0,0
171,280,281,0,0,0,0,0,0,1,0,0,0,0,0,0
172,17,47,220,69,0,0,0,0,1,0,0,0,0,0,0
173,9138,9139,9140,0,0,1,157,0,1,900230,0,0,0,0,0
174,0,279,121,298,0,0,0,0,1,0,0,0,0,0,0
175,137,138,0,0,0,0,0,0,1,0,0,0,0,0,0
176,307,308,0,0,0,0,0,0,1,0,0,0,0,0,0
177,0,9050,0,293,402,0,0,0,1,0,0,0,0,0,0
178,0,367,295,0,0,0,0,0,1,0,0,0,0,0,0
179,114,418,0,297,0,0,0,0,1,0,0,0,0,0,0
180,518,4629,0,0,0,0,0,0,1,0,0,0,0,0,0
181,765,766,306,0,0,0,0,0,1,0,0,0,0,0,0
182,217,218,0,340,0,0,0,0,1,0,0,0,0,0,0
183,114,118,311,0,0,0,0,0,1,0,0,0,0,0,0
184,0,0,0,312,0,0,0,0,1,0,0,0,0,0,0
185,114,118,313,0,0,0,0,0,1,0,0,0,0,0,0
186,266,267,315,0,0,0,0,0,1,0,0,0,0,0,0
187,345,476,320,0,0,0,0,0,1,0,0,0,0,0,0
188,31,160,0,322,323,0,0,0,1,0,0,172,4349,0,0
189,0,9208,9203,0,0,0,0,0,1,0,0,0,0,0,0
190,0,327,328,0,0,0,151,0,1,0,0,0,0,0,0
191,305,294,0,0,0,0,0,0,1,0,0,0,0,0,0
192,345,181,331,0,0,0,0,0,1,0,0,0,0,0,0
193,99,270,333,0,0,0,2,0,1,0,0,0,0,0,0
194,99,337,431,0,0,0,0,0,1,0,0,0,0,0,0
195,171,172,497,221,0,1,362,2,2,0,1,257,4349,0,0
196,345,181,339,0,0,0,0,0,1,0,0,0,0,0,0
197,0,352,0,0,0,0,0,0,1,0,0,0,0,0,0
198,171,172,145,0,0,1,188,2,1,0,1,257,4349,0,0
199,0,279,0,343,0,0,0,0,1,0,0,0,0,0,0
200,0,81,0,344,0,0,0,0,1,0,0,0,0,0,0
201,9046,9041,895,0,0,0,0,0,1,0,0,0,0,0,0
202,238,239,0,0,0,1,256,0,1,0,0,0,0,0,0
203,0,0,240,0,0,0,0,0,1,0,0,0,3270,0,0
204,100,183,347,0,0,0,0,0,0,0,0,0,0,0,0
205,0,492,348,0,0,0,0,0,0,0,0,0,0,0,0
206,0,0,145,0,0,0,188,2,0,0,1,257,4349,0,0
207,0,0,240,235,0,0,0,0,0,0,0,0,0,0,0
208,0,74,348,0,0,0,0,0,0,0,0,0,0,0,0
209,0,350,749,0,0,0,0,0,0,0,0,0,0,0,0
210,0,9210,693,0,0,0,0,0,0,0,0,0,0,0,0
211,99,270,353,0,0,0,0,0,0,0,0,0,0,0,0
212,0,181,542,0,0,0,0,0,0,0,0,0,0,0,0
213,0,356,441,349,0,0,0,0,0,0,0,0,0,0,0
214,345,181,357,0,0,0,0,0,0,0,0,0,0,0,0
215,358,1964,0,0,0,0,0,0,0,0,0,0,0,0,0
216,345,181,359,0,0,0,0,0,0,0,0,0,0,0,0
217,345,181,361,0,0,0,0,0,0,0,0,0,0,0,0
218,345,181,0,363,0,0,0,0,0,0,0,0,0,0,0
219,0,9067,9068,0,0,0,0,0,0,0,0,0,0,0,0
220,36,37,365,0,0,0,0,0,0,0,0,0,0,0,0
221,0,352,0,0,0,0,0,0,0,0,0,0,0,0,0
222,801,368,0,0,0,0,0,0,0,0,0,0,0,0,0
223,0,369,437,0,0,0,0,0,0,0,0,0,0,0,0
224,161,167,0,0,0,0,0,0,1,0,0,0,0,0,0
225,372,2970,0,0,0,1,188,0,1,0,0,0,0,0,0
226,372,2974,0,0,0,1,151,0,1,0,0,0,0,0,0
227,0,0,507,0,0,0,0,0,0,0,0,0,0,0,0
228,372,2971,0,0,0,1,224,0,1,0,0,0,0,0,0
229,372,2971,0,0,0,1,259,0,1,0,0,0,0,0,0
230,0,0,0,0,0,1,362,0,1,0,0,0,0,0,0
231,7,164,0,285,0,1,363,0,1,0,0,0,0,0,0
232,345,181,371,0,0,0,0,0,1,0,0,0,0,0,0
233,181,0,0,0,0,0,0,0,0,0,0,0,0,0,0
234,0,0,0,0,0,0,0,0,1,0,0,0,0,0,0
235,0,0,378,0,0,1,0,0,1,0,0,0,0,0,0
236,0,379,0,825,0,0,0,0,1,0,0,0,0,0,0
237,3436,0,371,0,0,0,0,0,1,0,0,0,0,0,0
238,30,38,213,0,0,0,0,0,1,0,0,0,0,0,0
239,266,730,381,0,0,0,0,0,1,0,0,0,0,0,0
240,0,382,0,0,0,0,0,0,0,0,0,0,0,0,0
241,345,181,336,0,0,0,0,0,1,0,0,0,0,0,0
242,60,61,383,0,0,0,0,0,1,0,0,0,0,0,0
243,380,0,0,0,0,0,0,0,1,0,0,0,0,0,0
244,0,385,121,0,0,0,0,0,1,0,0,0,0,0,0
245,386,387,282,0,0,0,0,0,1,0,0,0,0,0,0
246,0,388,0,0,0,0,0,0,0,0,0,0,0,0,0
247,0,9093,0,4031,0,0,0,0,0,0,0,0,0,0,0
248,80,110,390,0,0,0,0,0,1,0,0,0,0,0,0
249,0,392,0,0,0,0,0,0,1,0,0,0,0,0,0
250,0,394,220,0,0,0,0,0,1,0,0,0,0,0,0
251,0,396,0,0,0,0,0,0,1,0,0,0,0,0,0
252,397,0,0,0,0,0,0,0,1,0,0,0,0,0,0
253,0,399,3049,0,0,0,0,0,1,0,0,0,0,0,0
254,0,416,0,0,0,0,0,0,1,0,0,0,0,0,0
255,0,404,0,312,0,0,0,0,1,0,0,0,0,0,0
256,0,407,408,780,0,0,0,0,0,0,0,0,0,0,0
257,0,411,0,691,0,0,0,0,1,0,0,0,0,0,0
258,345,5629,0,0,0,0,0,0,1,0,1,437,736,0,0
259,9116,9087,413,9163,717,0,0,0,1,0,1,398,609,0,0
260,0,414,415,0,0,1,365,0,1,0,0,0,0,0,0
261,0,414,255,0,0,0,0,0,1,0,1,591,4349,0,0
262,0,4789,0,0,9129,0,0,0,1,0,0,0,0,0,0
263,266,267,3394,0,0,0,0,0,1,0,1,1985,3289,0,0
264,0,352,0,0,0,0,0,0,1,0,0,0,0,0,0
265,0,0,421,0,0,0,0,0,1,0,0,0,0,0,0
266,0,9192,9193,33,0,0,0,0,1,0,0,0,0,0,0
267,171,424,76,235,0,1,365,0,1,3011,0,0,0,0,0
268,0,9131,419,0,0,1,405,0,1,900203,0,0,0,0,0
269,0,9131,419,0,0,1,406,0,1,900203,0,0,0,0,0
270,0,9131,419,0,0,1,407,0,1,900203,0,0,0,0,0
271,266,267,419,0,0,1,408,0,1,900203,0,0,0,0,0
272,30,38,286,0,0,1,365,2,1,0,0,0,0,0,0
273,0,356,348,0,0,0,0,0,0,0,0,0,0,0,0
274,345,181,56,426,0,0,0,0,1,0,0,0,0,0,0
275,427,270,0,0,0,0,0,0,1,0,0,0,0,0,0
276,0,0,428,0,0,0,0,0,1,0,0,0,0,0,0
277,0,9104,0,9105,430,0,0,0,1,0,0,0,0,0,0
278,99,270,433,0,0,0,0,0,1,0,0,0,0,0,0
279,217,218,0,434,0,0,0,0,1,0,0,0,0,0,0
280,99,9097,435,436,0,0,0,0,1,0,0,0,0,0,0
281,0,438,0,247,0,0,0,0,1,0,0,0,0,0,0
282,0,0,348,0,0,0,0,0,1,0,0,0,0,0,0
283,171,172,0,0,0,1,258,0,1,0,0,0,0,0,0
284,266,267,440,0,0,0,0,0,1,0,0,0,0,0,0
285,99,270,442,0,0,0,0,0,1,0,0,0,0,0,0
286,5290,0,0,0,0,0,0,0,0,0,0,0,0,0,0
287,171,172,0,288,0,1,243,0,1,0,0,0,0,0,0
288,0,0,446,0,0,0,0,0,1,0,0,0,0,0,0
289,60,61,447,0,0,0,0,0,1,0,0,0,0,0,0
290,60,61,448,0,0,0,0,0,1,0,0,0,0,0,0
291,197,205,450,0,0,0,0,0,1,0,0,0,0,0,0
292,0,449,0,0,0,0,0,0,0,0,0,0,0,0,0
293,0,0,451,0,0,0,0,0,1,0,0,0,0,0,0
294,0,0,455,0,0,0,0,0,1,0,0,0,0,0,0
295,0,0,453,0,0,0,0,0,1,0,0,0,0,0,0
296,0,0,454,0,0,0,0,0,1,0,0,0,0,0,0
297,0,0,452,0,0,0,0,0,1,0,0,0,0,0,0
298,186,189,457,0,0,0,0,0,1,0,0,0,0,0,0
299,186,189,458,0,0,0,0,0,1,0,0,0,0,0,0
300,186,189,459,0,0,0,0,0,1,0,0,0,0,0,0
301,0,1785,0,0,0,0,0,0,1,0,0,0,0,0,0
302,186,189,461,6505,0,0,0,0,1,0,0,0,0,0,0
303,0,462,0,221,0,0,0,0,1,0,0,0,0,0,0
304,30,38,286,0,0,0,0,0,1,3011,0,0,0,0,0
305,30,38,286,0,0,0,0,0,1,3011,0,0,0,0,0
306,217,218,465,0,0,0,0,0,1,0,0,0,0,0,0
307,0,751,811,0,0,0,0,0,1,0,0,0,0,0,0
308,0,504,466,505,0,0,0,0,1,0,0,0,0,0,0
309,266,267,0,0,0,0,0,0,1,0,0,0,0,0,0
310,60,61,300,467,0,0,0,0,1,0,0,0,0,0,0
311,266,267,666,0,0,0,0,0,0,0,0,0,0,0,0
312,99,270,472,0,0,0,0,0,1,0,0,0,0,0,0
313,184,119,291,0,0,0,0,0,1,0,0,0,0,0,0
314,184,475,474,0,0,0,0,0,1,0,0,0,0,0,0
315,0,477,0,0,0,0,0,0,1,0,0,0,0,0,0
316,0,478,0,0,0,0,0,0,0,0,0,0,0,0,0
317,0,479,0,0,0,0,0,0,0,0,0,0,0,0,0
318,0,480,0,0,0,1,440,0,2,0,1,3021,0,0,0
319,0,352,0,0,0,0,0,0,1,0,0,0,0,0,0
320,482,0,300,0,0,0,0,0,1,0,0,0,0,0,0
321,0,752,808,0,0,0,0,0,1,0,0,0,0,0,0
322,0,484,485,349,0,0,0,0,1,0,0,0,0,0,0
323,0,486,0,0,0,0,0,0,0,0,0,0,0,0,0
324,184,119,487,0,0,0,0,0,1,0,0,0,0,0,0
325,345,181,526,0,0,0,0,0,0,0,0,0,0,0,0
326,0,652,0,488,0,0,0,0,1,0,0,0,0,0,0
327,305,0,0,0,0,0,0,0,1,0,0,0,0,0,0
328,217,218,489,0,0,0,0,0,1,0,0,0,0,0,0
329,60,5391,0,235,716,0,0,0,1,0,1,448,692,0,0
330,0,74,348,33,0,0,0,0,0,0,0,0,0,0,0
331,223,356,419,349,0,0,0,0,1,0,0,0,0,0,0
332,223,356,419,349,0,0,0,0,1,0,0,0,0,0,0
333,60,61,494,0,0,0,0,0,1,0,0,0,0,0,0
334,345,181,495,0,0,0,0,0,1,0,0,0,0,0,0
335,266,267,496,0,0,0,0,0,1,0,0,0,0,0,0
336,217,9055,498,4031,0,0,0,0,1,0,0,0,0,0,0
337,99,270,500,0,0,0,0,0,1,0,0,0,0,0,0
338,60,61,501,0,0,0,0,0,1,0,0,0,0,0,0
339,114,118,503,502,0,0,0,0,1,0,0,0,0,0,0
340,0,0,0,0,0,0,0,0,1,0,0,0,0,0,0
341,0,9050,0,221,0,0,0,0,1,0,0,0,0,0,0
342,0,506,437,0,0,0,0,0,1,0,0,0,0,0,0
343,217,218,508,0,0,0,0,0,1,0,0,0,0,0,0
344,345,181,70,0,0,0,0,0,1,0,0,0,0,0,0
345,0,0,158,0,0,0,0,0,1,0,0,0,0,0,0
346,217,218,719,0,0,0,0,0,1,0,0,0,0,0,0
347,0,510,0,0,0,0,0,0,0,0,0,0,0,0,0
348,0,0,0,87,0,0,0,0,1,0,0,0,0,0,0
349,0,0,0,221,0,0,0,0,1,0,0,0,0,0,0
350,217,4209,0,0,0,0,0,0,0,0,0,0,0,0,0
351,114,118,233,87,0,0,0,0,1,0,0,0,0,0,0
352,217,218,511,0,0,0,0,0,1,0,0,0,0,0,0
353,380,1165,0,0,0,0,0,0,1,0,0,0,0,0,0
354,0,512,0,0,0,0,0,0,1,0,0,0,0,0,0
355,0,516,145,0,0,0,0,0,1,0,0,0,0,0,0
356,0,0,0,514,0,0,0,0,1,0,0,0,0,0,0
357,0,0,515,0,0,0,0,0,1,0,0,0,0,0,0
358,223,888,348,0,0,0,0,0,1,0,0,0,0,0,0
359,0,516,0,0,0,0,0,0,0,0,0,0,0,0,0
360,0,517,348,0,0,0,0,0,0,0,0,0,0,0,0
361,0,0,608,5749,0,1,365,0,1,3011,0,0,0,0,0
362,0,352,0,0,0,0,0,0,1,0,0,0,0,0,0
363,0,521,0,221,0,0,0,0,1,0,0,0,0,0,0
364,0,352,0,0,0,0,0,0,1,0,0,0,0,0,0
365,30,522,145,0,0,1,188,0,1,3011,0,0,0,0,0
366,99,270,0,523,0,0,0,0,1,0,0,0,0,0,0
367,345,181,0,524,0,0,0,0,1,0,0,0,0,0,0
368,0,352,0,0,0,0,0,0,1,0,0,0,0,0,0
369,0,352,0,0,0,0,0,0,1,0,0,0,0,0,0
370,36,520,255,0,0,0,0,0,1,0,0,0,0,0,0
371,345,181,527,0,0,0,0,0,1,0,0,0,0,0,0
372,0,324,220,0,0,0,0,0,1,0,0,0,0,0,0
373,528,529,0,0,0,0,0,0,1,0,0,0,0,0,0
374,266,267,0,136,0,0,0,0,1,0,0,0,0,0,0
375,0,0,437,791,0,0,0,0,1,0,0,0,0,0,0
376,0,0,437,530,532,0,0,0,1,0,0,0,0,0,0
377,99,270,319,0,0,0,0,0,1,0,0,0,0,0,0
378,0,0,0,533,0,0,0,0,1,0,0,0,0,0,0
379,99,270,315,0,0,0,0,0,1,0,0,0,0,0,0
380,60,38,0,235,534,0,0,0,1,0,1,614,695,0,0
381,114,9048,9053,535,0,0,0,0,1,0,0,0,0,0,0
382,0,0,0,587,0,1,224,0,1,0,0,0,0,0,0
383,0,259,255,0,0,0,0,0,1,0,0,0,0,0,0
384,0,537,0,0,0,0,0,0,0,0,0,0,0,0,0
385,223,538,0,0,0,0,0,0,1,0,0,0,0,0,0
386,0,539,809,0,0,0,0,0,1,0,0,0,0,0,0
387,0,517,540,0,0,0,0,0,1,0,0,0,0,0,0
388,0,181,0,541,0,0,0,0,0,0,0,0,0,0,0
389,0,324,437,587,0,0,0,0,1,0,0,0,0,0,0
390,543,0,0,0,0,0,0,0,0,0,0,0,0,0,0
391,0,389,795,325,0,0,0,0,1,0,0,0,0,0,0
392,0,517,348,0,0,0,0,0,0,0,0,0,0,0,0
393,0,0,0,544,0,0,0,0,1,0,0,0,0,0,0
394,543,0,0,0,0,0,0,0,1,0,0,0,0,1142,0
395,545,0,0,0,0,0,0,0,1,4614,0,0,0,1143,0
396,0,267,0,0,0,0,0,0,1,0,0,0,0,0,0
397,0,324,437,0,0,0,0,0,1,0,0,0,0,0,0
398,0,547,555,787,0,0,0,0,1,0,0,0,0,0,0
399,0,747,348,33,0,0,0,0,0,0,0,0,0,0,0
400,548,0,550,0,0,0,0,0,1,0,0,0,0,0,0
401,0,0,0,0,0,0,0,0,0,0,0,0,0,0,0
402,0,517,348,0,0,0,0,0,0,0,0,0,0,0,0
403,552,554,553,0,0,0,0,0,1,0,0,0,0,0,0
404,238,172,860,560,0,1,258,0,2,0,1,257,4349,0,0
405,0,0,553,0,0,0,0,2,2,0,0,0,0,0,0
406,0,9214,9215,0,0,0,0,0,1,0,0,0,0,0,0
407,99,337,0,0,0,0,0,0,1,0,0,0,0,0,0
408,0,324,558,0,0,0,0,0,1,0,0,0,0,0,0
409,0,773,559,0,0,0,0,0,1,0,0,0,0,0,0
410,0,561,588,0,0,0,0,0,1,0,0,0,0,0,0
411,0,4749,0,3035,3033,0,0,0,1,0,0,0,0,0,0
412,345,181,0,566,0,1,618,0,1,0,0,0,0,0,0
413,0,162,348,349,0,0,0,0,1,0,0,0,0,0,0
433,0,504,466,349,0,0,0,0,1,0,0,0,0,0,0
453,0,37,565,564,0,0,0,0,1,0,0,0,0,0,0
454,0,37,0,0,0,0,0,0,1,0,0,0,0,0,0
455,0,0,565,0,0,0,0,0,1,0,0,0,0,0,0
456,0,202,68,566,0,0,0,0,1,0,0,0,0,0,0
476,0,0,860,586,0,0,0,0,0,0,0,0,0,0,0
477,0,118,117,587,0,0,0,0,1,0,0,0,0,0,0
496,589,191,70,0,0,0,0,0,1,0,0,0,0,0,0
497,0,182,0,349,0,0,0,0,1,0,0,0,0,0,0
516,30,38,608,0,0,1,503,0,1,3011,0,0,0,0,0
517,0,0,606,2992,0,0,0,0,0,0,0,0,0,0,0
518,0,819,0,821,0,0,0,0,0,0,0,0,0,0,0
519,0,350,255,668,0,0,0,0,0,0,0,0,0,0,0
520,0,0,526,0,0,0,0,0,0,0,0,0,0,0,0
521,0,517,83,349,0,0,0,0,0,0,0,0,0,0,0
522,0,517,348,0,0,0,0,0,0,0,0,0,0,0,0
536,345,181,550,861,0,0,0,0,0,0,0,0,0,0,0
537,650,626,0,0,0,0,0,0,1,0,0,0,0,0,0
556,0,646,648,0,0,0,0,0,0,0,0,0,0,0,0
557,0,0,145,0,0,1,523,0,1,0,0,0,0,0,0
558,0,0,68,0,0,1,524,0,1,3013,0,0,0,0,0
559,0,539,437,0,0,0,0,0,1,0,0,0,0,0,0
560,0,0,651,0,0,1,525,0,1,0,0,0,0,0,0
561,114,396,233,653,0,0,0,0,1,0,0,0,0,0,0
562,562,654,0,325,0,0,0,0,1,0,0,0,0,0,0
563,403,655,0,0,0,0,0,0,1,0,0,0,0,0,0
564,403,656,0,0,0,0,0,0,1,0,0,0,0,0,0
565,0,218,0,301,0,0,0,0,1,0,0,0,0,0,0
566,0,0,117,657,0,0,0,0,0,0,0,0,0,0,0
567,0,0,658,0,0,1,528,0,1,0,0,0,0,0,1
568,0,388,373,668,0,0,0,0,1,0,0,0,0,0,0
569,0,389,0,0,0,0,0,0,1,0,0,0,0,0,0
570,0,0,0,660,0,0,0,0,0,0,0,0,0,0,0
571,99,417,481,661,0,0,0,0,1,0,0,0,0,0,0
572,0,0,663,0,0,0,0,0,1,0,0,0,0,0,0
573,0,537,240,235,0,0,0,0,0,0,0,0,0,0,0
574,0,0,0,0,664,0,0,0,1,0,1,284,4349,0,0
575,548,0,213,665,0,0,0,0,0,0,0,0,0,0,0
576,548,0,0,0,0,0,0,0,0,0,0,0,0,0,0
577,0,667,290,0,0,0,0,0,1,0,0,0,0,0,0
578,0,81,373,668,0,0,0,0,1,0,0,0,0,0,0
579,217,218,225,0,0,0,0,0,1,0,0,0,0,0,0
580,217,218,0,0,0,0,0,0,1,0,0,0,0,0,0
596,0,686,85,0,0,0,0,0,0,0,0,0,0,0,0
597,114,118,508,0,0,0,0,0,0,0,0,0,0,0,0
598,726,539,0,564,0,0,0,0,1,0,0,0,0,0,0
599,217,218,225,0,0,0,0,0,1,0,0,0,0,0,0
600,0,259,255,657,0,0,0,0,1,0,0,0,0,0,0
601,0,0,728,0,0,0,0,0,1,0,1,734,4931,0,0
602,0,356,348,657,0,0,0,0,0,0,0,0,0,0,0
603,217,218,117,657,0,0,0,0,1,0,0,0,0,0,0
604,0,411,422,252,0,0,0,0,0,0,0,0,0,0,0
605,36,37,0,564,0,0,0,0,1,0,0,0,0,0,0
606,266,730,688,0,0,0,0,0,1,0,0,0,0,0,0
607,0,267,689,0,0,0,0,0,1,0,0,0,0,0,0
608,865,0,130,0,0,0,0,0,1,0,1,162,4349,0,0
609,0,44,0,0,0,1,362,0,1,0,0,0,0,0,0
610,0,517,220,0,0,0,0,0,1,0,0,0,0,0,0
611,0,539,330,0,0,0,0,0,1,0,0,0,0,0,0
612,699,5329,608,0,0,1,503,0,1,0,1,257,3270,0,0
613,358,0,0,0,445,0,0,0,0,0,0,0,0,0,0
630,345,37,702,0,0,0,0,0,1,0,0,0,0,0,0
631,36,37,805,0,0,0,0,0,1,0,0,0,0,0,0
632,703,2610,68,0,0,0,0,0,1,0,0,0,0,0,0
633,0,704,0,0,0,0,0,0,1,0,0,0,0,0,0
634,217,705,508,0,0,0,0,0,1,0,1,624,4349,0,0
650,0,324,720,0,0,0,0,0,1,0,0,0,0,0,0
651,0,764,437,0,0,0,0,0,1,0,0,0,0,0,0
652,36,5789,232,436,2615,0,0,0,1,0,0,0,0,0,0
653,345,0,3609,0,0,0,0,0,1,0,0,0,0,0,0
654,722,0,0,0,0,0,0,0,0,0,0,0,0,0,0
655,0,0,0,4751,0,0,0,0,0,0,0,0,0,0,0
656,137,3434,724,0,0,0,0,0,1,0,1,585,0,0,0
657,137,138,725,0,0,0,0,0,1,0,0,0,0,0,0
658,137,138,0,0,0,0,0,0,1,0,0,0,0,0,0
670,726,727,470,0,0,0,0,0,1,0,0,0,0,0,0
671,0,733,393,0,0,0,0,0,1,0,0,0,0,0,0
672,0,734,255,0,0,0,0,0,0,0,0,0,0,0,0
673,726,388,0,27,0,0,0,0,0,0,0,0,0,0,0
674,0,389,694,285,0,0,0,0,0,0,0,0,0,0,0
675,0,0,779,3531,0,0,0,0,1,0,0,0,0,0,0
676,358,743,1365,0,0,0,0,0,0,0,0,0,0,0,0
677,217,389,694,0,0,0,0,0,0,0,0,0,0,0,0
678,0,394,393,0,0,0,0,0,1,0,0,0,0,0,0
679,0,738,423,349,0,0,0,0,1,0,0,0,0,0,0
680,217,745,0,740,886,0,0,0,1,0,0,0,0,0,0
681,266,267,420,0,0,0,0,0,1,0,0,0,0,0,0
682,0,753,810,0,0,0,0,0,1,0,0,0,0,0,0
683,899,2372,0,744,0,1,3061,0,1,0,0,0,0,0,0
684,345,788,0,746,0,1,618,0,1,0,0,0,0,0,1
685,186,189,748,0,0,0,0,0,1,0,0,0,0,0,0
686,0,366,348,0,0,0,0,0,0,0,0,0,0,0,0
687,0,0,419,691,0,0,0,0,0,0,0,0,0,0,0
703,380,0,0,0,0,0,0,0,0,0,0,0,0,0,0
704,124,324,437,0,0,0,0,0,1,0,0,0,0,0,0
705,0,388,373,108,0,0,0,0,1,0,0,0,0,0,0
706,194,203,768,0,0,0,0,0,1,0,0,0,0,0,0
707,703,2610,68,0,0,0,0,0,1,0,0,0,0,0,0
708,703,770,0,769,0,0,0,0,1,0,0,0,0,0,0
709,0,204,0,285,0,0,0,0,1,0,0,0,0,0,0
710,0,539,117,0,0,0,0,0,1,0,0,0,0,0,0
711,0,388,0,771,0,0,0,0,1,0,0,0,0,0,0
712,778,772,0,221,0,0,0,0,1,0,0,0,0,0,0
713,775,776,213,0,0,0,0,0,2,0,1,257,4349,0,0
714,0,517,555,787,0,0,0,0,1,0,0,0,0,0,0
715,0,81,0,777,0,0,0,0,1,0,0,0,0,0,0
716,266,730,373,108,0,0,0,0,1,0,0,0,0,0,0
717,0,517,702,564,0,0,0,0,0,0,0,0,0,0,0
718,0,81,117,344,0,0,0,0,1,0,0,0,0,0,0
719,0,517,330,0,0,0,0,0,1,0,0,0,0,0,0
720,0,517,83,0,0,0,0,0,1,0,0,0,0,0,0
721,114,783,782,784,0,0,0,0,1,0,0,0,0,0,0
722,195,203,0,781,0,0,0,0,1,0,0,0,0,0,0
723,785,786,117,0,0,0,0,0,1,0,0,0,0,0,0
724,790,789,728,0,0,0,0,0,1,0,0,0,0,0,0
725,790,789,608,0,0,1,503,0,1,0,0,0,0,0,0
726,327,0,373,344,0,0,0,0,0,0,0,0,0,0,0
727,217,792,0,293,0,0,0,0,1,0,0,0,0,0,0
728,0,0,507,0,0,0,0,0,0,0,0,0,0,0,0
729,171,424,213,0,0,1,258,0,2,3011,1,257,3270,0,0
730,799,800,795,0,0,0,0,0,1,0,0,0,0,0,0
731,796,539,0,221,0,0,0,0,1,0,0,0,0,0,0
732,0,388,0,108,0,0,0,0,1,0,0,0,0,0,0
733,0,0,145,0,0,0,0,0,1,0,0,0,0,0,0
734,345,517,0,744,0,0,0,0,1,0,0,0,0,0,0
735,797,0,0,0,0,0,0,0,0,0,0,0,0,0,0
736,217,389,117,657,0,0,0,0,1,3015,0,0,0,0,0
737,801,686,1504,0,0,0,0,0,1,0,0,0,0,0,0
738,0,823,3394,0,0,0,0,0,1,0,0,0,0,0,0
739,114,118,720,0,0,0,0,0,1,0,0,0,0,0,0
740,0,0,805,0,0,0,0,0,1,0,0,0,0,0,0
741,114,118,508,657,0,0,0,0,1,0,0,0,0,0,0
742,801,802,0,0,0,0,0,0,0,0,0,0,0,0,0
743,803,804,0,0,0,0,0,0,1,4222,0,0,0,0,0
744,0,182,348,0,0,0,0,0,1,0,0,0,0,0,0
745,0,807,694,0,0,0,0,0,0,0,0,0,0,0,0
746,114,118,470,0,0,0,0,0,1,0,0,0,0,0,0
747,554,327,158,0,0,0,0,0,1,0,0,0,0,0,0
748,0,812,255,0,0,0,0,0,1,0,0,0,0,0,0
749,0,0,813,0,0,0,0,0,1,0,0,0,0,0,0
750,0,9207,9202,0,0,0,0,0,1,0,0,0,0,0,0
751,0,9050,0,949,816,0,0,0,1,0,0,0,0,0,0
752,0,182,68,0,0,0,0,0,1,0,0,0,0,0,0
753,0,0,0,818,0,0,0,0,1,0,0,0,0,0,0
754,819,820,410,821,0,0,0,0,0,0,0,0,0,0,0
755,0,0,133,0,0,0,0,0,0,0,0,0,0,0,0
756,819,0,0,0,0,0,0,0,0,0,0,0,0,0,0
757,0,822,9186,0,0,0,0,0,1,0,0,0,0,0,0
758,826,827,2350,0,0,1,151,0,1,3015,0,0,0,0,0
759,0,829,0,0,830,0,0,0,0,0,0,0,0,0,2
760,0,218,508,657,0,0,0,0,0,0,0,0,0,0,0
761,36,181,805,0,0,0,0,0,1,0,1,1309,4349,0,0
762,819,388,410,821,0,0,0,0,1,0,0,0,0,0,0
763,0,832,0,0,0,0,0,0,0,0,0,0,0,0,0
764,0,833,76,235,0,0,0,0,1,0,0,0,0,0,0
765,114,118,795,834,0,0,0,0,1,0,0,0,0,0,0
766,0,81,255,108,0,0,0,0,1,0,0,0,0,0,0
767,0,0,0,349,0,0,0,0,0,0,0,0,0,0,0
768,800,727,470,0,0,0,0,0,1,0,0,0,0,0,0
769,0,807,419,657,0,0,0,0,1,0,0,0,0,0,0
770,0,237,835,0,0,0,0,0,0,0,0,0,0,0,0
771,0,0,721,657,0,0,0,0,0,0,0,0,0,0,0
772,114,341,0,293,0,0,0,0,1,0,0,0,0,0,0
773,0,836,663,0,0,0,0,0,0,0,1,257,4349,0,0
774,0,0,326,771,0,0,0,0,1,0,0,0,0,0,0
775,345,0,837,0,0,0,0,0,1,0,0,0,0,0,0
776,838,172,839,840,0,0,0,0,1,0,0,0,0,0,0
777,30,38,286,0,0,1,587,0,1,3011,0,0,0,0,0
778,60,61,0,235,716,0,0,0,1,0,1,420,695,0,0
779,0,0,0,2849,0,0,0,0,0,0,0,0,0,0,0
780,0,0,0,842,0,0,0,0,0,0,0,0,0,0,0
781,0,844,845,0,0,0,0,0,1,0,0,0,0,0,0
782,0,539,843,349,0,0,0,0,1,0,0,0,0,0,0
783,114,118,720,360,0,0,0,0,0,0,0,0,0,0,0
784,99,9097,0,9103,0,0,0,0,1,0,0,0,0,0,0
785,114,118,849,0,0,0,0,0,1,0,0,0,0,0,0
786,0,0,420,0,0,0,0,0,1,0,0,0,0,0,0
787,266,267,0,0,0,0,0,0,1,0,0,0,0,0,0
788,0,9050,0,949,950,0,0,0,1,0,0,0,0,0,0
789,0,539,220,0,0,0,0,0,1,0,0,0,0,0,0
790,266,425,130,0,0,0,0,0,0,0,0,0,0,0,0
791,60,61,608,767,0,0,0,0,1,0,1,257,695,0,0
792,0,4169,330,0,0,0,0,0,1,0,0,0,0,0,0
793,0,855,608,0,0,0,0,0,0,0,0,0,0,0,0
794,0,0,213,0,0,1,365,0,2,0,1,257,4349,0,0
795,0,0,3890,0,0,0,0,0,0,0,0,0,0,0,0
796,0,0,856,0,0,0,0,0,1,0,0,0,0,0,0
797,217,218,828,0,0,0,0,0,1,0,0,0,0,0,0
798,0,857,843,0,0,0,0,0,0,0,0,0,0,0,0
799,60,859,501,0,0,0,0,0,1,0,0,0,0,0,0
800,0,726,117,564,0,0,0,0,1,0,0,0,0,0,0
801,0,517,220,0,0,0,0,0,1,0,0,0,0,0,0
802,0,517,220,0,0,0,0,0,1,0,0,0,0,0,0
803,0,539,720,0,0,0,0,0,1,0,0,0,0,0,0
804,0,279,860,0,0,0,0,0,0,0,1,565,4349,0,0
805,345,181,0,861,0,0,0,0,0,0,0,0,0,0,0
806,0,449,0,0,0,0,0,0,0,0,0,0,0,0,0
807,0,0,0,867,0,0,0,0,0,0,0,0,0,0,0
808,0,2229,348,0,0,0,0,0,0,0,0,0,0,0,0
809,726,37,813,221,0,1,675,0,1,3134,0,0,0,0,1
810,863,864,0,0,0,0,0,0,0,0,0,0,0,0,0
811,868,218,828,0,0,0,0,0,1,3015,0,0,0,0,0
812,801,866,0,0,0,0,0,0,0,0,0,0,0,0,0
813,0,279,721,0,0,0,0,0,0,0,0,0,0,0,0
814,0,388,373,344,0,0,0,0,1,0,0,0,0,0,0
823,266,267,117,842,0,0,0,0,0,0,0,0,0,0,0
824,114,9049,9052,0,0,0,0,0,1,0,0,0,0,0,0
825,0,0,0,0,0,0,0,0,0,0,1,459,4349,0,0
826,405,0,0,221,0,0,0,0,1,0,0,0,0,0,0
827,60,61,273,0,0,0,0,0,1,0,0,0,0,0,0
828,819,0,693,0,0,0,0,0,0,0,0,0,0,0,0
829,0,0,0,27,0,0,0,0,1,0,0,0,0,0,0
830,0,406,0,0,0,0,0,0,1,0,0,0,0,0,0
831,0,705,0,434,0,0,0,0,1,0,0,0,0,0,0
832,0,0,496,0,0,0,0,0,1,0,0,0,0,0,0
833,0,0,232,0,0,0,0,0,1,0,0,0,0,0,0
834,0,0,56,0,0,0,0,0,1,0,0,0,0,0,0
835,114,118,219,564,0,1,675,0,1,3015,0,0,0,0,0
836,0,0,0,0,0,0,0,0,1,0,1,298,4349,0,0
837,36,37,805,0,0,0,0,0,0,0,0,0,0,0,0
838,0,887,0,66,0,0,0,0,0,0,0,0,0,0,0
839,0,269,348,0,0,0,0,0,1,0,0,0,0,0,0
840,0,539,702,0,0,0,0,0,1,0,0,0,0,0,0
841,0,704,310,0,0,0,0,0,1,0,0,0,0,0,0
842,0,517,220,0,0,0,0,0,1,0,0,0,0,0,0
843,0,517,437,0,0,0,0,0,1,0,0,0,0,0,0
844,801,380,0,0,0,0,0,0,0,0,1,565,4349,0,0
845,36,37,805,564,0,1,675,0,1,0,0,0,0,0,0
846,36,37,470,564,0,0,0,0,1,0,0,0,0,0,0
847,0,0,728,0,0,0,0,0,1,0,1,257,4349,0,0
848,0,0,0,564,0,0,0,0,1,0,0,0,0,0,0
849,0,0,130,0,0,0,0,0,0,0,0,0,0,0,0
850,0,0,721,0,0,0,0,0,1,0,0,0,0,0,0
851,0,0,813,0,0,0,0,0,1,0,0,0,0,0,0
852,0,0,498,499,0,0,0,0,1,0,0,0,0,0,0
853,0,0,890,0,0,0,0,0,1,0,0,0,0,0,0
854,726,37,813,0,0,1,675,0,1,3015,0,0,0,0,0
855,345,37,495,821,0,0,0,0,0,0,0,0,0,0,0
856,114,118,813,564,0,0,0,0,1,3015,1,621,4349,0,0
857,892,893,283,0,0,1,157,0,1,3087,0,0,0,0,0
858,0,894,348,0,0,0,0,0,0,0,0,0,0,0,0
859,896,897,500,0,0,0,0,0,1,0,0,0,0,0,0
860,246,898,0,0,0,0,0,0,1,0,0,0,0,0,0
861,266,889,422,349,0,0,0,0,1,0,0,0,0,0,0
862,901,548,550,0,0,1,525,0,0,3223,1,565,4349,0,1
863,60,352,0,0,0,0,0,0,1,0,0,0,0,0,0
864,60,61,213,0,716,0,0,0,1,0,1,420,695,0,0
865,0,389,232,0,0,0,0,0,0,0,0,0,0,0,0
866,952,900,0,0,0,0,0,0,1,0,0,0,0,0,0
867,0,44,0,9181,0,0,0,0,1,0,0,0,0,0,0
868,0,0,550,842,0,0,0,0,0,0,0,0,0,0,0
869,0,0,220,0,0,0,0,0,0,0,0,0,0,0,0
870,0,81,373,668,0,0,0,0,1,0,0,0,0,0,0
871,137,138,0,0,0,0,0,0,1,0,1,355,4349,0,0
872,114,218,904,1564,0,0,0,0,0,0,0,0,0,0,0
873,0,0,805,221,0,1,675,0,1,3013,0,0,0,0,0
874,905,0,0,0,0,0,0,0,0,0,0,0,0,0,0
875,0,356,550,297,0,0,0,0,1,0,0,0,0,0,0
876,826,827,220,657,0,0,0,0,1,3015,0,0,0,0,0
877,99,907,232,0,0,0,0,0,1,0,0,0,0,0,0
878,266,267,798,0,0,0,0,0,1,0,1,307,4349,0,0
879,0,734,348,0,0,0,0,0,0,0,0,0,0,0,0
883,0,0,721,0,0,0,0,0,0,0,0,0,0,0,0
884,0,118,795,0,0,0,0,0,1,0,0,0,0,0,0
885,114,341,2729,293,0,0,0,0,1,0,0,0,0,0,0
886,0,0,0,989,0,0,0,0,1,0,0,0,0,0,0
887,0,0,925,0,0,0,0,0,1,0,0,0,0,0,0
888,238,0,0,0,0,0,0,0,2,0,0,0,0,0,0
889,0,5009,286,0,0,0,0,0,0,0,1,257,3270,0,0
890,926,929,1144,0,0,0,0,0,0,0,0,0,0,0,0
891,0,0,927,0,0,0,0,0,0,0,0,0,0,0,0
892,0,0,283,0,0,0,0,0,0,0,0,0,0,0,0
893,801,0,925,0,0,0,0,0,0,0,0,0,0,0,0
894,0,327,401,360,0,0,0,0,1,0,0,0,0,0,0
895,0,686,306,0,0,0,0,0,1,0,0,0,0,0,0
896,0,0,904,0,0,0,0,0,0,0,0,0,0,0,0
897,801,0,0,0,0,0,0,0,0,0,0,0,0,0,0
903,36,37,805,564,0,1,675,0,1,3134,0,0,0,0,0
904,0,0,0,242,0,0,0,0,1,0,0,0,0,0,0
905,266,267,946,821,0,0,0,0,1,0,0,0,0,0,0
906,0,947,507,0,0,0,0,0,0,0,0,0,0,0,0
907,0,0,0,66,0,0,0,0,1,0,0,0,0,0,0
908,114,118,0,564,0,0,0,0,1,0,0,0,0,0,0
909,951,0,0,0,0,0,0,0,1,6432,0,0,0,6432,0
923,195,203,0,285,0,0,0,0,1,0,1,282,4349,0,0
924,0,81,373,668,0,0,0,0,1,0,0,0,0,0,0
943,0,0,964,0,0,0,0,0,0,0,0,0,0,0,0
944,124,965,282,0,0,1,694,0,1,0,0,0,0,0,0
945,30,38,2609,0,0,0,0,0,1,0,0,0,0,0,0
963,60,984,0,985,0,0,0,0,1,0,0,0,2064,0,0
964,0,0,986,0,0,0,0,0,0,0,0,0,0,0,0
965,266,9085,9086,0,0,0,0,0,1,0,0,0,0,0,0
966,0,0,987,0,0,0,0,0,0,0,1,257,4349,0,0
967,266,267,0,0,0,0,0,0,1,0,0,0,0,0,0
968,266,267,0,990,0,0,0,0,1,0,0,0,0,0,0
969,266,267,991,0,0,0,0,0,1,0,0,0,0,0,0
970,266,267,992,0,0,0,0,0,1,0,0,0,0,0,0
983,0,0,0,344,0,0,0,0,1,0,0,0,0,0,0
984,0,0,0,586,0,0,0,0,0,0,0,0,0,0,0
985,0,0,0,1007,0,0,0,0,0,0,0,0,0,0,0
986,338,224,318,0,718,0,0,0,1,0,1,328,700,0,0
1003,124,72,283,0,0,0,0,0,1,3087,0,0,0,0,0
1004,36,37,813,0,0,0,0,0,1,0,0,0,0,0,0
1005,1024,1025,0,0,0,0,0,0,1,0,0,0,0,0,0
1006,0,0,1028,363,0,0,0,0,0,0,0,0,0,0,0
1007,195,1027,4991,3531,0,0,0,0,1,0,0,0,0,0,0
1008,1304,0,0,0,0,0,0,0,1,0,0,0,0,1142,0
1023,0,1044,133,0,0,0,0,0,1,0,0,0,0,0,0
1043,0,0,1068,1069,0,0,0,0,1,0,0,0,0,0,0
1044,0,0,1070,0,0,0,0,0,1,0,0,0,0,0,0
1063,0,0,0,0,1084,0,0,0,1,0,1,459,4349,0,0
1083,114,118,465,842,0,0,0,0,1,0,0,0,0,0,0
1084,266,267,353,0,0,0,0,0,0,0,0,0,0,0,0
1085,0,819,694,0,0,0,0,0,0,0,0,0,0,0,0
1086,0,947,559,0,0,0,0,0,0,0,0,0,0,0,0
1103,0,468,348,0,0,0,0,0,1,0,0,0,0,0,0
1104,0,366,348,0,0,0,0,0,0,0,0,0,0,0,0
1123,0,203,450,0,0,0,0,0,0,0,0,0,0,0,0
1124,0,0,0,0,1104,0,0,0,1,0,1,715,4349,0,0
1143,114,118,1005,566,0,0,0,0,1,3015,0,0,0,0,0
1144,266,267,0,27,0,0,0,0,1,0,0,0,0,0,0
1163,114,948,508,949,950,0,0,0,1,0,0,0,0,0,0
1164,0,517,690,586,0,0,0,0,1,0,1,565,4349,0,0
1165,43,1664,1666,0,0,0,0,0,1,0,0,0,0,0,0
1166,0,0,0,312,0,0,0,0,1,0,1,565,4349,0,0
1167,0,822,410,0,0,0,0,0,1,0,0,0,0,0,0
1168,3789,0,0,0,0,0,0,0,1,0,0,0,0,0,0
1183,266,425,130,691,0,0,0,0,1,0,0,0,0,0,0
1184,0,74,348,33,0,0,0,0,0,0,0,0,0,0,0
1185,0,418,0,0,0,0,0,0,0,0,1,540,4349,0,0
1186,0,118,0,0,0,0,0,0,0,0,1,459,4349,0,0
1187,0,324,437,1564,0,0,0,0,1,0,0,0,0,0,0
1203,0,1124,0,0,0,0,0,0,0,0,0,0,0,0,0
1204,801,0,0,0,0,0,0,0,0,0,0,0,0,0,0
1205,2991,802,0,0,0,0,0,0,0,0,0,0,0,0,0
1223,380,1168,0,1164,0,0,0,0,0,0,0,0,0,0,0
1224,0,0,1166,0,0,0,0,0,0,0,0,0,0,0,0
1225,217,218,1167,0,0,0,0,0,1,0,0,0,0,0,0
1243,899,1184,1185,27,0,0,0,0,2,0,1,565,4349,0,0
1244,217,218,508,1186,0,0,0,0,0,0,0,0,0,0,0
1245,0,191,1204,0,0,0,0,0,0,0,1,110,4349,0,0
1246,1187,0,0,0,0,0,0,0,1,3331,1,124,1264,1143,0
1263,0,730,3293,0,0,0,0,0,1,0,0,0,0,0,0
1264,9197,9198,9199,0,0,0,0,0,1,3012,0,0,0,0,0
1265,114,118,1206,0,0,0,0,0,1,0,0,0,0,0,0
1266,217,218,0,1224,0,0,0,0,1,0,0,0,0,0,0
1267,137,138,0,0,0,0,0,0,1,0,1,292,4349,0,0
1268,266,267,306,0,0,0,0,0,1,0,1,306,4349,0,0
1269,0,0,0,0,0,0,0,0,0,0,1,381,1226,0,0
1283,345,3375,3374,0,6009,0,0,0,1,0,0,0,0,0,0
1284,0,0,76,235,0,0,0,0,1,0,0,0,0,0,0
1303,0,1369,0,0,0,0,0,0,0,0,1,74,1285,0,0
1304,801,1184,0,0,0,0,0,0,0,0,0,0,0,0,0
1305,114,118,0,1286,0,0,0,0,1,0,0,0,0,0,0
1323,0,0,0,1305,0,0,0,0,0,0,0,0,0,0,0
1343,302,302,0,0,1324,0,0,0,1,0,0,0,0,0,0
1344,266,1004,0,0,0,0,0,0,1,0,0,0,0,0,0
1345,0,0,365,0,0,0,0,0,1,0,0,0,0,0,0
1346,0,0,0,349,0,0,0,0,1,0,0,0,0,0,0
1363,901,1364,0,0,0,0,0,0,1,0,0,0,0,0,0
1383,1368,1367,0,0,0,0,0,0,1,0,0,0,0,0,0
1384,403,260,0,0,0,0,0,0,1,0,0,0,0,0,0
1403,184,119,291,0,0,0,0,0,0,0,0,0,0,0,0
1404,0,0,0,349,0,0,0,0,0,0,0,0,0,0,0
1405,0,0,1384,0,0,0,0,0,0,0,0,0,0,0,0
1423,0,0,0,0,1404,0,0,0,1,0,0,0,0,0,0
1443,193,191,70,0,0,0,0,0,1,0,0,0,0,0,0
1444,0,0,70,0,0,0,0,0,1,0,0,0,0,0,0
1445,0,0,0,27,0,0,0,0,1,0,0,0,0,0,0
1446,0,0,214,0,0,0,0,0,1,0,0,0,0,0,0
1463,1545,1424,0,767,716,0,0,0,1,0,1,257,695,0,0
1464,0,0,689,0,0,0,0,0,1,0,0,0,0,0,0
1465,0,0,76,0,0,0,0,0,1,0,0,0,0,0,0
1483,4451,4450,76,235,0,0,0,0,1,0,0,0,0,0,0
1484,0,0,813,0,0,0,0,0,0,0,0,0,0,0,0
1485,217,705,508,0,0,0,0,0,0,0,0,0,0,0,0
1486,0,0,702,564,0,0,0,0,0,0,0,0,0,0,0
1503,0,0,219,0,0,0,0,0,1,3015,0,0,0,0,0
1504,0,0,0,0,0,0,0,0,1,0,1,934,1464,0,0
1505,790,789,76,821,0,0,0,0,1,0,0,0,0,0,0
1506,0,172,133,0,0,1,914,0,1,3011,0,0,0,0,0
1507,184,119,0,1544,0,0,0,0,1,0,0,0,0,0,0
1508,0,395,0,0,0,0,0,0,1,0,0,0,0,0,0
1523,1485,1486,0,0,729,0,0,0,1,0,0,0,1944,0,0
1543,187,188,798,0,0,0,0,0,1,0,0,0,0,0,0
1563,0,1524,255,0,0,0,0,0,1,0,0,0,0,0,0
1564,30,38,1185,0,0,0,0,0,1,3011,1,257,1285,0,0
1583,114,118,219,0,0,1,151,0,1,3015,1,459,4349,0,0
1584,790,789,76,235,0,0,0,0,1,0,0,0,0,0,0
1585,60,1424,0,767,716,0,0,0,1,0,1,257,695,0,0
1586,0,1546,0,668,0,0,0,0,0,0,0,0,0,0,0
1587,345,1547,0,0,0,0,0,0,0,0,0,0,0,0,0
1588,0,438,232,0,0,0,0,0,1,0,0,0,0,0,0
1603,0,259,255,0,0,0,0,0,1,0,0,0,0,0,0
1604,0,1549,255,0,0,0,0,0,1,0,0,0,0,0,0
1623,114,118,849,657,0,0,0,0,1,0,0,0,0,0,0
1624,0,0,0,0,0,0,0,0,1,0,1,100,4349,0,0
1643,345,887,0,0,0,0,0,0,0,0,1,565,4349,0,0
1663,0,81,373,821,0,0,0,0,1,0,0,0,0,0,0
1664,1584,1585,232,0,0,0,0,0,1,0,0,0,0,0,0
1665,0,948,0,0,0,0,0,0,1,0,0,0,0,0,0
1683,114,118,311,840,0,0,0,0,1,0,0,0,0,0,0
1703,358,1604,0,0,0,0,0,0,0,0,0,0,0,0,0
1704,358,1605,0,0,0,0,0,0,0,0,0,0,0,0,0
1705,358,1606,0,0,0,0,0,0,0,0,0,0,0,0,0
1706,358,1607,0,0,0,0,0,0,0,0,0,0,0,0,0
1707,358,1608,0,0,0,0,0,0,0,0,0,0,0,0,0
1708,358,1609,0,0,0,0,0,0,0,0,0,0,0,0,0
1709,358,1610,0,0,0,0,0,0,0,0,0,0,0,0,0
1710,0,1611,0,0,0,0,0,0,0,0,0,0,0,0,0
1711,186,189,460,0,0,0,0,0,1,0,0,0,0,0,0
1712,0,0,0,1805,0,0,0,0,0,0,0,0,0,0,0
1713,0,0,4029,0,0,0,0,0,0,0,0,0,0,0,0
1714,0,0,232,0,0,0,0,0,1,0,0,0,0,0,0
1723,186,189,460,0,0,0,0,0,1,0,0,0,0,0,0
1724,0,0,813,564,0,0,0,0,1,0,0,0,0,0,0
1725,0,1624,702,1805,0,0,0,0,0,0,1,621,4349,0,0
1726,0,0,0,847,0,0,0,0,1,0,0,0,0,0,0
1727,0,0,0,3437,0,0,0,0,1,0,0,0,0,0,0
1743,0,0,0,1804,0,0,0,0,1,0,0,0,0,0,0
1744,0,1644,0,285,0,0,0,0,1,0,0,0,0,0,0
1745,0,1547,828,587,0,0,0,0,1,0,0,0,0,0,0
1763,0,0,0,1564,0,0,0,0,0,0,0,0,0,0,0
1764,0,0,1684,1665,0,0,0,0,0,0,0,0,0,0,0
1765,0,267,798,0,0,0,0,0,0,0,0,0,0,0,0
1783,0,0,720,0,0,0,0,0,1,0,1,548,4349,0,0
1803,0,0,0,363,0,0,0,0,0,0,0,0,0,0,0
1804,0,0,549,0,0,0,0,0,0,0,0,0,0,0,0
1805,0,0,0,0,0,0,0,0,0,0,0,0,0,0,0
1823,0,0,813,564,0,0,0,0,1,0,0,0,0,0,0
1843,0,948,0,0,950,0,0,0,1,0,0,0,0,0,0
1844,1764,853,0,0,0,0,0,0,0,0,1,565,4349,0,0
1845,0,0,0,1744,0,0,0,0,0,0,0,0,0,0,0
1863,0,948,470,0,0,1,694,0,1,0,0,0,0,0,0
1883,1806,1807,702,0,0,1,675,0,1,0,0,0,0,0,0
1903,0,1624,702,1805,0,0,0,0,0,0,1,1309,4349,0,0
1904,0,5011,0,0,0,1,523,0,1,0,0,0,0,0,0
1905,0,0,0,0,0,0,0,0,0,0,1,355,4349,0,0
1906,1764,853,1824,0,0,0,0,0,0,0,1,355,4349,0,0
1907,801,929,1825,1844,0,0,0,0,0,0,0,0,0,0,0
1926,345,181,0,66,0,0,0,0,1,0,1,80,4349,0,0
1927,124,316,317,0,0,0,0,0,1,0,1,331,4349,0,0
1928,0,0,720,657,0,0,0,0,0,0,0,0,0,0,0
1929,137,138,725,0,0,0,0,0,1,0,1,586,4349,0,0
1930,266,267,991,0,0,0,0,0,1,0,1,304,4349,0,0
1931,0,404,0,0,0,0,0,0,0,0,1,389,4349,0,0
1946,30,38,76,235,0,0,0,0,1,0,0,0,0,0,0
1947,0,1866,0,0,0,0,0,0,0,0,0,0,0,0,0
1966,1884,270,0,0,0,0,0,0,1,0,0,0,0,0,0
1986,0,1904,0,0,0,0,0,0,1,0,1,714,4349,0,0
2006,0,1924,0,0,0,0,0,0,1,0,1,621,4349,0,0
2026,171,172,1946,0,0,0,0,0,1,3318,0,0,0,0,0
2027,171,172,1945,0,0,0,0,0,1,3318,0,0,0,0,0
2028,0,0,1905,0,0,0,0,0,1,0,1,565,4349,0,0
2046,266,267,420,0,0,0,0,0,1,0,1,100,4349,0,0
2047,0,730,306,566,0,0,0,0,0,0,0,0,0,0,0
2048,0,730,317,0,950,0,0,0,1,0,0,0,0,0,0
2049,30,1444,76,235,0,0,0,0,1,0,0,0,0,0,0
2050,0,0,0,1985,0,0,0,0,0,0,0,0,0,0,0
2066,0,988,381,2150,0,0,0,0,0,0,0,0,0,0,0
2067,0,510,226,0,0,0,0,0,0,0,0,0,0,0,0
2068,0,9083,419,0,0,0,0,0,0,0,0,0,0,0,0
2069,0,517,437,0,0,0,0,0,0,0,0,0,0,0,0
2070,928,1165,0,0,0,0,0,0,1,0,0,0,0,0,0
2071,928,1165,0,0,0,0,0,0,0,0,0,0,0,0,0
2072,0,0,0,349,0,0,0,0,0,0,0,0,0,0,0
2073,0,0,0,0,0,0,0,0,0,0,1,459,4349,0,0
2074,0,948,220,0,0,0,0,0,0,0,1,349,4349,0,0
2086,0,205,68,841,0,0,0,0,0,0,1,586,4349,0,0
2106,0,0,0,2004,0,0,0,0,0,0,0,0,0,0,0
2107,60,61,76,0,716,0,0,0,1,0,0,0,695,0,0
2108,0,0,0,0,0,0,0,0,0,0,1,974,4349,0,0
2109,799,800,117,0,0,0,0,0,0,0,0,0,0,0,0
2110,0,341,225,0,0,0,0,0,1,0,0,0,0,0,0
2111,0,686,2210,2209,0,0,0,0,1,0,0,0,0,0,0
2126,358,1964,721,0,0,0,0,0,1,0,0,0,0,0,0
2146,0,218,42,657,0,0,0,0,0,0,0,0,0,0,0
2147,2024,2025,68,0,0,1,259,0,1,3013,0,0,0,0,0
2166,0,380,0,0,2044,0,0,0,0,0,0,0,0,0,0
2186,2065,1486,0,0,729,0,0,0,1,0,0,0,1944,0,0
2206,443,444,0,0,0,0,0,0,1,0,0,0,0,0,0
2207,0,704,447,0,0,0,0,0,1,0,0,0,0,0,0
2226,0,0,276,564,0,0,0,0,1,0,0,0,0,0,0
2246,0,804,1947,0,0,1,675,0,1,3318,0,0,0,0,0
2247,0,804,0,0,0,0,0,0,0,3318,0,0,0,0,0
2248,0,2084,0,0,0,0,0,0,0,0,0,0,0,0,0
2249,0,2085,0,0,0,0,0,0,0,0,0,0,0,0,0
2250,0,2086,0,0,0,0,0,0,0,0,0,0,0,0,0
2251,0,2087,0,0,0,0,0,0,0,0,0,0,0,0,0
2252,0,2088,0,0,0,0,0,0,0,0,0,0,0,0,0
2253,9091,9092,286,0,0,1,1179,0,1,3011,0,0,0,0,0
2254,2065,1486,0,0,729,0,0,0,1,0,0,0,1944,0,0
2255,217,218,0,0,2089,0,0,0,1,0,1,1282,2389,0,0
2256,0,2090,0,0,0,0,0,0,1,0,0,0,0,1143,0
2257,0,118,276,288,0,0,0,0,1,0,0,0,0,0,0
2258,345,181,895,346,0,0,0,0,1,0,0,0,0,0,0
2275,0,2109,9204,0,0,0,0,0,1,0,0,0,0,0,0
2276,0,395,0,2111,0,0,0,0,1,0,0,0,0,0,0
2295,266,267,2129,0,0,0,0,0,1,0,0,0,0,0,0
2315,194,202,68,0,0,1,259,0,1,3013,0,0,0,0,1
2316,0,2189,2151,2152,0,0,0,0,0,0,0,0,0,0,0
2317,0,2153,282,0,0,1,694,0,1,0,0,0,0,0,1
2318,114,218,219,0,0,1,151,0,1,3015,0,0,0,0,1
2335,195,203,0,2169,0,0,0,0,1,0,0,0,0,0,0
2336,2024,2025,450,2169,0,0,0,0,1,0,0,0,0,0,0
2337,0,0,62,292,0,0,0,0,1,0,0,0,0,0,0
2355,0,356,0,349,0,0,0,0,0,0,0,0,0,0,0
2356,0,0,0,0,473,0,0,0,1,0,0,0,0,0,0
2357,0,0,313,234,0,1,151,0,1,0,0,0,0,0,0
2376,0,2189,220,0,0,0,0,0,1,0,0,0,0,0,0
2377,0,2212,437,0,0,0,0,0,0,0,0,0,0,0,0
2396,0,0,0,847,0,0,0,0,1,0,0,0,0,0,0
2416,0,2670,0,0,0,1,546,0,1,0,0,0,0,0,0
2436,0,279,860,0,0,0,0,0,0,0,1,389,4349,0,0
2437,60,61,608,0,0,1,503,0,1,3011,0,0,0,0,1
2456,0,2249,437,0,0,0,0,0,1,0,0,0,0,0,0
2457,0,0,0,0,0,0,0,0,0,0,1,621,4349,0,0
2476,217,218,42,1186,0,0,0,0,1,0,0,0,0,0,0
2496,0,0,0,0,0,0,0,0,0,0,1,619,4349,0,0
2497,0,928,0,2269,0,0,0,0,0,0,0,0,0,0,0
2498,0,2270,0,0,0,0,0,0,0,0,1,228,2271,0,0
2499,0,0,220,0,0,0,0,0,0,0,1,228,2271,0,0
2516,0,1366,550,0,0,0,0,0,0,0,0,0,0,0,0
2517,0,2289,1005,0,0,0,0,0,1,0,0,0,0,0,0
2518,266,429,2290,0,0,0,0,0,1,0,0,0,0,0,0
2519,0,0,728,0,0,0,0,0,1,0,0,0,0,0,0
2536,801,866,0,0,0,0,0,0,0,0,0,0,0,0,0
2556,0,2309,213,0,0,0,0,0,0,0,0,0,0,0,0
2576,217,4829,0,2650,4109,0,0,0,1,0,0,0,0,0,0
2577,114,118,2649,0,0,0,0,0,1,0,0,0,0,0,0
2596,2349,218,0,0,0,0,0,0,0,0,1,1054,2271,0,0
2597,0,2351,348,33,0,0,0,0,0,0,0,0,0,0,0
2598,217,218,2352,657,0,0,0,0,1,0,0,0,0,0,0
2599,2349,218,0,0,0,0,0,0,0,0,1,239,4349,0,0
2616,321,2369,1204,0,0,0,0,0,1,0,0,0,0,0,0
2617,0,2370,0,221,0,0,0,0,1,0,0,0,0,0,0
2618,266,0,0,990,0,0,0,0,0,0,0,0,0,0,0
2619,0,2373,805,784,0,0,0,0,1,0,0,0,0,0,0
2620,0,0,0,657,0,0,0,0,0,0,0,0,0,0,0
2621,0,0,702,784,0,0,0,0,0,0,0,0,0,0,0
2636,0,0,0,0,950,0,0,0,1,0,0,0,0,0,0
2637,0,0,2390,0,0,0,0,0,0,0,0,0,0,0,0
2638,0,0,76,235,0,0,0,0,1,0,0,0,0,0,0
2639,0,0,508,0,0,0,0,0,1,0,1,624,4349,0,0
2640,0,0,0,2469,0,0,0,0,0,0,0,0,0,0,0
2641,4090,0,0,0,0,0,0,0,1,0,0,0,0,0,0
2642,0,1004,0,0,0,0,0,0,1,0,0,0,0,0,0
2643,0,2409,348,0,0,0,0,0,0,0,0,0,0,0,0
2656,0,948,0,949,950,0,0,0,1,0,0,0,0,0,0
2657,0,81,373,0,0,0,0,0,1,0,0,0,0,0,0
2676,0,2429,0,0,0,0,0,0,0,0,0,0,0,0,0
2677,0,9229,3850,360,0,0,0,0,0,0,0,0,0,0,0
2696,0,0,0,235,0,0,0,0,1,0,0,0,0,0,0
2716,0,0,0,221,0,0,0,0,0,0,0,0,0,0,0
2717,0,2449,437,0,0,0,0,0,0,0,0,0,0,0,0
2718,0,0,0,665,0,0,0,0,1,0,0,0,0,0,0
2719,43,1664,9219,349,0,0,0,0,1,0,0,0,0,0,0
2736,0,0,2470,0,0,0,0,0,1,0,0,0,0,0,0
2737,217,218,0,55,0,0,0,0,1,0,0,0,0,0,0
2738,2065,1486,0,0,729,0,0,0,1,0,0,0,1944,0,0
2739,2065,1486,0,0,729,0,0,0,1,0,0,0,1944,0,0
2740,2065,1486,0,0,729,0,0,0,1,0,0,0,1944,0,0
2741,2065,1486,0,0,729,0,0,0,1,0,0,0,1944,0,0
2742,0,1004,0,0,0,0,0,0,0,0,0,0,0,0,0
2756,0,0,0,2489,0,0,0,0,0,0,0,0,0,0,0
2757,0,0,2490,0,0,0,0,0,0,0,0,0,0,0,0
2758,0,2491,0,821,0,0,0,0,0,0,0,0,0,0,0
2759,0,3010,0,3009,0,0,0,0,0,0,0,0,0,0,0
2760,0,2492,450,0,0,0,0,0,1,0,0,0,0,0,0
2776,0,0,0,697,0,0,0,0,0,0,0,0,0,0,0
2777,0,2509,2470,0,0,0,0,0,1,0,0,0,0,0,0
2778,0,2229,83,0,0,0,0,0,0,0,0,0,0,0,0
2796,0,2529,608,0,0,0,0,0,0,0,0,0,0,0,0
2797,372,2976,0,0,0,1,157,0,1,0,0,0,0,0,0
2798,372,2975,0,0,0,1,675,0,1,0,0,0,0,0,0
2799,9177,2973,0,0,0,1,405,0,1,0,0,0,0,0,0
2816,0,0,0,349,0,0,0,0,1,0,0,0,0,0,0
2817,0,81,0,0,0,0,0,0,1,0,0,0,0,0,0
2818,0,388,0,668,0,0,0,0,0,0,0,0,0,0,0
2836,0,0,0,2549,0,0,0,0,0,0,0,0,0,0,0
2837,0,0,0,73,0,0,0,0,1,0,0,0,0,0,0
2856,0,0,0,325,0,0,0,0,1,0,0,0,0,0,0
2857,0,0,0,0,2045,0,0,0,0,0,0,0,0,0,0
2876,0,0,420,0,0,0,0,0,1,0,0,0,0,0,0
2896,0,0,0,1286,0,0,0,0,1,0,0,0,0,0,0
2897,928,2611,213,349,0,1,258,0,2,0,1,420,695,0,0
2898,0,2612,2614,0,0,0,0,0,1,0,1,257,695,0,0
2899,2613,1424,2614,0,0,0,0,0,1,0,1,257,695,0,0
2916,0,0,0,0,2615,0,0,0,1,0,0,0,0,0,0
2917,0,0,608,0,0,0,0,0,1,0,1,257,695,0,0
2918,99,270,2616,0,0,0,0,0,1,0,0,0,0,0,0
2936,99,9015,154,0,0,0,0,0,1,0,0,0,0,0,0
2956,0,0,728,0,0,0,0,0,0,0,0,0,0,0,0
2976,185,165,2651,0,0,0,0,0,1,0,0,0,0,0,0
2996,0,789,728,0,0,0,0,0,1,0,0,0,0,0,0
3016,0,0,348,0,0,0,0,0,0,0,0,0,0,0,0
3036,0,2689,213,0,0,0,0,0,0,0,0,0,0,0,0
3056,0,0,378,0,0,1,1180,0,1,0,0,0,0,0,0
3057,114,9107,9108,0,0,0,0,0,1,3015,0,0,0,0,0
3058,36,37,702,0,0,0,0,0,0,0,0,0,0,0,0
3076,217,218,2729,0,0,0,0,0,1,3015,0,0,0,0,0
3077,99,9097,9098,0,0,0,0,0,1,0,0,0,0,0,0
3096,0,2689,2750,2749,0,0,0,0,0,0,0,0,0,0,0
3097,0,0,986,0,0,0,0,0,1,0,0,0,0,0,0
3098,0,554,0,0,0,0,0,0,0,0,0,0,0,0,0
3116,0,0,214,0,0,0,0,0,1,3013,0,0,0,0,1
3117,0,0,0,0,2790,0,0,0,1,0,0,0,0,0,0
3118,0,0,0,0,2769,0,0,0,1,0,0,0,0,0,0
3119,790,2789,76,235,0,0,0,0,1,0,0,0,0,0,0
3136,0,0,3909,0,0,0,0,0,0,0,0,0,0,0,0
3137,0,61,447,985,0,0,0,0,0,0,0,0,0,0,0
3138,36,37,805,0,0,0,0,0,1,0,0,0,0,0,0
3139,0,2810,2811,0,0,0,0,0,1,0,0,0,0,0,0
3140,0,2810,2812,0,0,0,0,0,1,0,0,0,0,0,0
3159,321,321,1205,0,0,0,0,0,1,0,0,0,0,0,0
3160,0,2810,2829,0,0,0,0,0,1,0,0,0,0,0,0
3161,0,2810,3029,0,0,0,0,0,1,0,0,0,0,0,0
3179,0,9076,9077,0,0,1,1522,0,1,0,0,0,0,0,0
3180,0,0,419,1564,0,1,1602,0,1,3014,0,0,0,0,0
3181,0,0,2850,0,0,1,1524,0,1,3013,0,0,0,0,0
3182,2889,2890,0,0,0,0,0,0,1,0,0,0,0,0,0
3199,0,0,2869,0,0,0,0,0,0,0,0,0,0,0,0
3219,0,0,2893,0,0,1,1546,0,1,3013,0,0,0,0,0
3220,2891,2892,0,0,0,0,0,0,1,0,0,0,0,0,0
3221,0,0,76,235,0,0,0,0,1,0,0,0,0,0,0
3222,0,0,2894,0,0,1,1547,0,1,3013,0,0,0,0,0
3223,345,181,2895,0,0,0,0,0,1,0,0,0,0,0,0
3224,0,0,0,5850,0,0,0,0,0,0,0,0,0,0,0
3239,0,478,0,2950,0,0,0,0,1,0,0,0,0,0,0
3259,0,3611,0,0,0,0,0,0,0,0,0,0,0,0,0
3260,0,3853,0,3854,0,0,0,0,1,0,0,0,0,0,0
3261,0,0,240,0,0,0,0,0,1,0,1,257,1285,0,0
3279,0,2810,2829,0,0,0,0,0,1,0,0,0,0,0,0
3280,0,2810,2930,0,0,0,0,0,1,0,0,0,0,0,0
3281,0,0,2931,0,0,0,0,0,0,0,0,0,0,0,0
3282,0,730,798,0,0,0,0,0,0,0,0,0,0,0,0
3283,899,1184,240,0,0,1,1782,2,1,5057,0,0,695,0,0
3299,0,9078,419,0,0,1,1602,0,1,3013,0,0,0,0,0
3300,0,0,419,0,0,1,1603,0,1,3013,1,1822,3229,0,0
3301,0,6383,2949,0,0,0,0,0,0,0,0,0,0,0,0
3302,0,2149,0,0,0,0,0,0,1,0,0,0,0,0,0
3303,1364,267,420,0,0,0,0,0,1,0,1,100,2590,0,0
3319,36,539,702,0,0,1,675,0,1,3134,0,0,0,0,0
3320,0,1444,0,0,0,0,0,0,0,0,0,0,0,0,0
3321,0,61,448,0,0,0,0,0,0,0,0,0,0,0,0
3322,0,0,0,2969,0,0,0,0,0,0,0,0,0,0,0
3323,0,0,76,0,0,0,0,0,1,0,0,0,0,0,0
3324,358,1964,0,0,0,0,0,0,0,0,0,0,0,0,0
3325,358,1964,0,0,0,0,0,0,0,0,0,0,0,0,0
3326,358,1964,0,0,0,0,0,0,0,0,0,0,0,0,0
3327,171,172,0,0,0,1,1783,0,1,0,0,0,0,0,0
3328,0,0,232,0,0,0,0,0,1,0,0,0,0,0,0
3339,193,9095,2977,0,0,0,0,0,1,0,1,1622,0,0,0
3359,0,730,2470,0,0,0,0,0,0,0,0,0,0,0,0
3360,114,118,2989,0,0,1,151,0,1,3015,0,0,0,0,0
3361,0,2990,373,668,0,0,0,0,1,0,0,0,0,0,0
3362,0,0,437,0,0,0,0,0,1,0,0,0,0,0,0
3379,0,0,0,505,0,0,0,0,1,0,0,0,0,0,0
3399,0,2810,2830,0,0,0,0,0,1,0,0,0,0,0,0
3400,60,9100,9101,0,0,0,0,0,1,0,0,0,0,0,0
3401,0,3032,0,0,0,0,0,0,1,0,0,0,0,0,0
3402,380,537,0,0,0,0,0,0,1,0,0,0,0,0,0
3403,0,3569,0,0,0,0,0,0,0,0,0,0,0,0,0
3404,345,5629,3034,0,0,0,0,0,1,0,1,437,736,0,0
3405,0,2810,3036,0,0,0,0,0,1,0,0,0,0,0,0
3419,186,189,460,0,0,0,0,0,1,0,0,0,0,0,0
3420,2991,1964,232,0,0,0,0,0,1,0,0,0,0,0,2
3421,0,0,0,2650,0,0,0,0,1,0,0,0,0,0,0
3439,0,0,232,0,0,0,0,0,0,0,0,0,0,0,0
3440,0,730,0,5749,0,0,0,0,1,0,0,0,0,0,0
3441,0,394,3069,0,0,0,0,0,1,0,0,0,0,0,0
3442,0,3053,0,0,0,0,0,0,0,0,0,0,0,0,0
3443,0,3050,3051,0,0,0,0,0,0,0,0,0,0,0,0
3444,9143,9144,9145,0,0,0,0,0,1,0,0,0,0,0,0
3445,9146,38,9147,0,0,1,503,0,1,3011,0,0,0,0,0
3459,2065,1486,0,0,1244,0,0,0,1,0,0,0,0,0,0
3460,60,61,76,235,0,0,0,0,1,0,1,89,4349,0,0
3479,60,61,448,821,0,0,0,0,1,0,0,0,0,0,0
3499,0,382,0,0,0,0,0,0,0,0,0,0,0,0,0
3500,238,239,213,349,0,1,258,0,2,0,1,257,1704,0,0
3519,899,889,220,744,0,1,618,0,1,0,0,0,0,0,0
3520,238,239,213,349,0,1,405,0,2,0,1,257,1704,0,0
3539,0,0,348,0,0,0,0,0,0,0,0,0,0,0,0
3540,0,341,0,234,3070,0,0,0,1,0,0,0,0,0,0
3541,302,302,0,3332,0,0,0,0,1,0,0,0,0,0,0
3542,0,0,3072,0,0,0,0,0,0,0,0,0,0,0,0
3559,0,0,0,3089,0,0,0,0,0,0,0,0,0,0,0
3579,801,368,0,0,0,0,0,0,0,0,0,0,0,0,0
3580,0,181,362,0,0,0,0,0,0,0,0,0,0,0,0
3581,403,172,0,0,0,0,0,0,1,0,0,0,0,0,0
3582,217,218,3109,0,0,0,0,0,0,0,0,0,0,0,0
3583,60,61,0,0,0,0,0,0,1,0,1,420,695,0,0
3599,0,0,694,0,0,0,0,0,0,0,0,0,0,0,0
3619,0,0,6436,3129,0,0,0,0,0,0,0,0,0,0,0
3639,801,368,3149,0,0,0,0,0,0,0,0,0,0,0,0
3640,3151,3151,0,3150,3150,0,0,0,0,0,0,0,0,0,0
3641,3151,3151,0,1744,2045,0,0,0,0,0,0,0,0,0,0
3642,0,3152,213,0,0,0,0,0,0,0,0,0,0,0,0
3643,193,9102,3153,0,0,0,0,0,1,0,0,0,0,0,0
3659,192,3169,3170,0,0,0,0,0,1,0,0,0,0,0,0
3679,0,0,728,0,0,0,0,0,1,0,0,0,0,0,0
3699,0,0,0,325,0,0,0,0,1,0,0,0,0,0,0
3719,0,2810,3189,0,0,0,0,0,1,0,0,0,0,0,0
3739,899,1184,437,0,0,1,1843,0,1,3318,0,0,0,0,0
3740,0,0,3209,0,0,1,1843,0,1,0,0,0,0,0,0
3759,0,0,0,0,0,0,0,0,1,0,1,1802,4349,0,0
3779,266,267,741,0,0,0,0,0,0,0,1,100,4349,0,0
3780,0,0,0,0,0,0,0,0,0,0,1,1624,4349,0,0
3781,60,3249,3250,349,0,0,0,0,0,0,1,1624,2064,0,0
3782,194,202,0,0,0,1,259,0,1,3013,0,0,0,0,1
3783,0,44,348,349,0,1,2002,0,1,0,0,0,0,0,0
3784,1624,0,0,0,0,0,0,0,1,0,0,0,0,0,0
3785,0,0,555,787,0,1,2002,0,1,0,0,0,0,0,0
3786,0,0,348,0,0,1,2002,0,0,0,0,0,0,0,0
3799,0,547,555,787,0,0,0,0,1,0,0,0,0,0,0
3819,3271,3272,213,780,0,1,1863,0,2,0,1,257,3270,0,0
3839,0,0,805,564,0,1,675,0,1,0,0,0,0,0,0
3859,0,704,0,544,0,0,0,0,1,0,0,0,0,0,0
3860,3290,3291,3292,0,0,1,1884,0,1,3087,0,0,0,0,0
3879,0,3509,4930,0,0,0,0,0,0,0,0,0,0,0,0
3880,0,406,0,0,0,0,0,0,1,0,0,0,0,0,2
3881,4091,0,0,0,0,0,0,0,1,0,0,0,0,0,0
3882,0,3370,9200,0,0,0,0,0,1,0,0,0,0,0,0
3883,0,3294,4489,0,0,0,0,0,1,0,0,0,0,0,0
3884,100,183,101,0,0,0,0,0,1,0,0,0,0,0,0
3885,345,476,3295,0,0,0,0,0,1,0,0,0,0,0,0
3886,0,2149,0,0,0,0,0,0,1,0,0,0,0,0,0
3899,0,3309,213,0,0,0,0,0,0,0,0,0,0,0,0
3919,266,267,419,0,0,1,408,0,1,3012,0,0,0,0,1
3920,403,278,2894,3329,0,1,399,0,0,0,0,0,0,0,0
3939,114,218,225,108,0,0,0,0,1,0,0,0,0,0,0
3940,307,308,3149,0,0,0,0,0,1,0,0,0,0,0,0
3941,0,3330,9206,0,0,0,0,0,1,0,0,0,0,0,0
3942,0,3331,220,33,0,0,0,0,1,0,0,0,0,0,0
3943,0,341,0,3332,3070,0,0,0,1,0,0,0,0,0,0
3944,0,3349,0,0,0,0,0,0,0,0,1,1624,1704,0,0
3945,0,0,0,0,0,0,0,0,0,0,0,0,0,0,0
3946,0,0,0,3379,0,0,0,0,0,0,0,0,0,0,0
3947,0,3371,0,0,0,0,0,0,0,0,1,219,4349,0,0
3948,0,3369,220,33,0,0,0,0,1,0,0,0,0,0,0
3949,0,3372,693,0,0,0,0,0,0,0,0,0,0,0,0
3950,0,3373,9205,33,0,0,0,0,1,0,0,0,0,0,0
3959,30,38,494,0,0,0,0,0,0,0,0,0,0,0,0
3960,0,0,0,3378,0,0,0,0,0,0,0,0,0,0,0
3961,0,0,2750,0,0,0,0,0,0,0,1,420,4349,0,0
3962,899,1184,348,0,0,1,1962,0,0,0,0,0,0,0,0
3963,0,0,54,0,0,0,0,0,0,0,1,420,695,0,0
3979,3382,267,741,0,0,0,0,0,0,0,1,100,4349,0,0
3980,0,3383,694,349,0,0,0,0,0,0,0,0,0,0,0
3999,0,0,0,0,0,0,0,0,0,0,1,1302,4349,0,0
4000,36,37,3031,3378,0,0,0,0,1,0,0,0,0,0,0
4001,0,3385,130,3384,0,0,0,0,1,0,0,0,0,0,0
4019,194,203,3389,0,0,0,0,0,1,0,0,0,0,0,0
4020,2065,1486,0,0,1244,0,0,0,1,0,1,1702,1944,0,0
4021,0,0,220,0,0,0,0,0,1,0,1,228,4349,0,0
4022,0,686,0,586,3390,0,0,0,0,0,0,0,0,0,0
4023,0,0,721,0,0,0,0,0,1,0,0,0,0,0,0
4024,0,3393,0,3392,0,0,0,0,0,0,0,0,0,0,0
4025,0,2370,0,0,0,0,0,0,0,0,0,0,0,0,0
4026,0,2370,0,0,0,0,0,0,0,0,0,0,0,0,0
4027,0,0,0,3395,0,0,0,0,0,0,0,0,0,0,0
4028,0,0,0,586,0,0,0,0,1,0,0,0,0,0,0
4029,0,388,226,0,0,0,0,0,0,0,0,0,0,0,0
4039,0,37,813,0,0,0,0,0,1,0,0,0,0,0,0
4040,36,3054,3409,0,0,0,0,0,1,0,0,0,0,0,0
4041,0,3410,693,0,0,0,0,0,0,0,0,0,0,0,0
4042,0,0,0,0,3411,0,0,0,1,0,0,0,0,0,0
4043,137,3413,0,0,729,0,0,0,1,0,0,0,0,0,0
4044,194,202,68,0,0,1,259,0,1,3013,0,0,0,0,1
4045,0,0,3415,814,0,0,0,0,1,0,0,0,0,0,0
4046,0,0,83,0,0,0,0,0,1,0,1,565,4349,0,0
4047,0,0,76,235,0,0,0,0,1,0,0,0,0,0,0
4048,2065,1486,0,0,729,0,0,0,1,0,1,1702,1944,0,0
4049,2024,2610,216,2169,0,0,0,0,1,0,0,0,0,0,0
4050,186,189,458,6289,0,0,0,0,0,0,0,0,0,0,0
4051,321,321,0,0,0,0,0,0,1,0,0,0,0,0,0
4052,0,3431,0,0,0,0,0,0,0,0,0,0,0,0,0
4053,0,3432,0,0,0,0,0,0,0,0,0,0,0,0,0
4054,137,3433,0,0,729,0,0,0,1,0,0,0,0,0,0
4055,137,3435,0,0,729,0,0,0,1,0,0,0,0,0,0
4056,266,267,946,821,0,1,694,0,1,0,0,0,0,0,0
4057,195,160,0,3437,0,0,0,0,1,0,0,0,0,0,0
4059,0,0,448,0,0,0,0,0,1,0,0,0,0,0,0
4060,0,0,450,0,0,0,0,0,1,0,0,0,0,0,0
4061,0,0,495,0,0,0,0,0,1,0,0,0,0,0,0
4062,790,3449,76,235,0,0,0,0,1,0,0,0,0,0,0
4079,0,3469,0,0,0,0,0,0,1,0,0,0,0,0,0
4080,3470,3471,0,0,0,0,0,0,1,0,0,0,0,0,0
4081,171,172,0,0,0,0,0,0,1,4222,0,0,0,0,0
4082,217,118,0,0,0,0,0,0,1,3015,0,0,0,0,0
4083,0,0,0,87,0,0,0,0,1,0,0,0,0,0,0
4084,217,218,559,0,0,0,0,0,0,0,0,0,0,0,0
4085,0,817,0,293,3472,0,0,0,1,0,0,0,0,0,0
4099,0,0,117,3489,0,0,0,0,0,0,0,0,0,0,0
4100,0,0,3490,292,0,0,0,0,0,0,1,74,1285,0,0
4101,0,0,0,235,0,0,0,0,1,0,0,0,0,0,0
4119,0,0,3056,349,0,0,0,0,1,0,0,0,0,0,0
4139,0,0,0,312,0,0,0,0,0,0,0,0,0,0,0
4159,0,3529,3530,0,0,0,0,0,1,0,0,0,0,0,0
4179,0,380,0,0,3549,0,0,0,0,0,0,0,0,0,0
4180,0,0,76,235,0,0,0,0,1,0,0,0,0,0,0
4199,726,3589,813,221,0,1,675,0,1,3134,0,0,0,0,0
4200,3590,3591,282,0,0,0,0,0,1,0,0,0,0,0,0
4201,0,3592,220,0,0,0,0,0,1,0,0,0,0,0,0
4202,36,37,813,221,0,1,675,0,1,3134,0,0,0,0,1
4203,0,517,364,3437,0,0,0,0,0,0,0,0,0,0,0
4204,3593,3594,0,0,0,0,0,0,0,0,0,0,0,0,0
4205,0,0,0,0,532,0,0,0,1,0,0,0,0,0,0
4206,0,0,83,0,0,0,0,0,1,0,0,0,0,0,0
4207,0,0,494,0,0,0,0,0,1,0,0,0,0,0,0
4208,114,118,2350,0,0,1,2042,0,1,3015,0,0,0,0,0
4209,114,118,2350,0,0,0,0,0,1,3015,0,0,0,0,0
4219,266,267,126,360,0,0,0,0,1,0,0,0,0,0,0
4220,266,267,419,0,0,0,0,0,1,0,0,0,0,0,0
4221,99,191,231,436,0,0,0,0,1,0,0,0,0,0,0
4222,266,267,83,349,0,0,0,0,1,0,0,0,0,0,0
4223,266,267,306,697,0,0,0,0,1,0,0,0,0,0,0
4224,0,0,702,0,0,0,0,0,1,0,0,0,0,0,0
4225,0,0,0,0,0,0,0,0,0,0,1,565,3289,0,0
4226,0,237,130,3450,0,0,0,0,1,0,0,0,0,0,2
4227,345,9165,3609,0,0,0,0,0,1,0,0,0,0,0,0
4228,345,0,3610,0,0,0,0,0,1,0,0,0,0,0,0
4229,0,0,283,0,0,0,0,0,1,3087,0,0,0,0,0
4230,321,321,3612,0,0,0,0,0,1,0,0,0,0,0,0
4231,266,267,315,0,0,0,0,0,1,0,0,0,0,0,0
4239,266,3629,0,0,0,0,0,0,1,0,0,0,0,0,0
4259,0,44,437,0,0,1,2002,0,1,0,0,0,0,0,0
4279,345,3649,0,3650,0,0,0,0,1,0,0,0,0,0,0
4299,0,0,0,3753,0,0,0,0,0,0,0,0,0,0,0
4300,0,3669,0,0,0,0,0,0,0,0,0,0,0,0,0
4301,0,0,3670,0,0,0,0,0,0,0,0,0,0,0,0
4302,199,207,0,3672,0,0,0,0,1,0,0,0,0,0,0
4303,0,161,0,2569,0,0,0,0,0,0,0,0,0,0,0
4304,0,3673,283,349,0,0,0,0,0,0,0,0,0,0,0
4305,4289,0,0,0,0,0,0,0,0,0,0,0,0,0,0
4306,0,0,0,0,0,0,0,0,0,0,1,12,1226,0,0
4319,0,0,813,1805,0,0,0,0,0,0,0,0,0,0,0
4320,0,0,240,0,0,0,0,0,2,0,1,257,3270,0,0
4321,60,984,0,985,0,0,0,0,1,0,1,420,695,0,0
4322,0,0,1167,0,0,0,0,0,1,0,0,0,0,0,0
4323,43,947,813,0,0,0,0,0,0,0,0,0,0,0,0
4324,0,1644,0,2169,0,0,0,0,1,0,0,0,0,0,0
4325,195,9080,0,9081,0,0,0,0,1,0,0,0,0,0,0
4326,0,1444,2750,235,0,0,0,0,0,0,0,0,0,0,0
4327,0,554,856,0,0,0,0,0,0,0,0,0,0,0,0
4339,0,1624,813,0,0,0,0,0,0,0,1,621,4349,0,0
4340,200,208,216,3709,0,1,234,0,1,0,0,0,0,0,0
4341,0,4009,2350,0,0,1,2042,0,1,0,0,0,0,0,1
4342,0,0,311,0,0,0,0,0,1,0,0,0,0,0,0
4343,0,0,226,0,0,0,0,0,1,0,0,0,0,0,0
4344,99,417,0,0,0,0,0,0,1,0,0,0,0,0,0
4345,0,0,146,0,0,0,0,0,1,0,0,0,0,0,0
4346,338,5669,318,0,718,0,0,0,1,0,1,328,700,0,0
4347,0,3891,282,0,0,0,0,0,1,0,0,0,0,0,0
4348,0,0,419,349,0,0,0,0,1,0,0,0,0,0,0
4349,0,0,220,0,0,0,0,0,0,0,0,0,0,0,0
4359,0,3749,0,3750,3752,0,0,0,1,0,0,0,0,0,0
4360,266,267,419,0,0,0,0,0,0,0,0,0,0,0,0
4361,0,0,216,3709,0,0,0,0,1,0,0,0,0,0,0
4362,775,2189,410,55,0,0,0,0,0,0,0,0,0,0,0
4363,403,172,0,0,0,0,0,0,1,0,0,0,0,0,0
4364,0,0,0,0,0,0,0,0,0,0,0,0,0,0,0
4365,2149,0,0,0,0,0,0,0,0,0,0,0,0,0,0
4366,0,947,903,0,0,0,0,0,1,0,0,0,0,0,0
4367,0,0,2350,0,0,0,0,0,0,0,0,0,0,0,0
4368,0,0,0,564,0,0,0,0,1,0,0,0,0,0,0
4369,0,0,3031,0,0,0,0,0,1,0,1,1309,4349,0,0
4370,223,224,0,3769,0,0,0,0,1,0,0,0,0,0,0
4371,0,3770,0,3771,0,0,0,0,0,-1,0,0,0,0,0
4372,266,425,3772,3773,0,0,0,0,1,0,0,0,0,0,0
4379,3774,3775,3292,0,0,1,1884,0,1,3087,0,0,0,0,0
4380,0,0,0,3776,0,0,0,0,0,0,0,0,0,0,0
4381,0,270,0,3777,0,0,0,0,1,0,0,0,0,0,0
4399,0,0,0,288,0,0,0,0,0,0,0,0,0,0,0
4400,0,0,0,293,0,0,0,0,1,0,0,0,0,0,0
4401,518,1004,1005,0,0,0,0,0,1,0,0,0,0,0,0
4419,799,3869,813,221,0,1,675,0,1,3134,0,0,0,0,1
4439,3790,0,0,0,0,0,0,0,1,0,0,0,0,0,0
4459,0,3809,0,0,0,0,0,0,1,3087,0,0,0,0,0
4479,171,172,0,288,0,1,243,0,1,0,0,0,0,0,0
4480,0,0,2350,0,0,1,2042,0,1,0,0,0,0,0,0
4481,0,0,0,0,3849,0,0,0,1,0,0,0,0,0,0
4482,0,3852,0,0,0,0,0,0,0,0,0,0,0,0,0
4483,345,181,3851,0,0,0,0,0,1,0,0,0,0,0,0
4484,0,1866,728,0,0,0,0,0,1,0,1,586,4349,0,0
4485,193,191,0,0,0,0,0,0,0,0,0,0,0,0,0
4486,60,61,0,3351,0,0,0,0,0,0,0,0,0,0,0
4487,266,3870,2470,0,0,0,0,0,1,0,0,0,0,0,0
4488,0,0,0,3871,0,0,0,0,0,0,0,0,0,0,0
4489,0,3872,0,0,0,0,0,0,0,0,0,0,0,0,0
4490,0,0,0,6745,0,0,0,0,1,0,0,0,0,0,0
4499,0,0,0,3709,0,0,0,0,1,0,0,0,0,0,0
4500,0,0,76,235,0,0,0,0,1,0,0,0,0,0,0
4501,0,0,3910,3709,0,0,0,0,1,0,0,0,0,0,0
4519,0,0,348,0,0,0,0,0,0,0,0,0,0,0,0
4520,0,3930,0,0,0,0,0,0,1,3015,0,0,0,0,0
4539,0,788,219,0,0,1,618,0,1,0,0,0,0,0,1
4559,790,789,608,0,0,1,1179,0,1,0,0,0,0,0,0
4560,0,0,845,0,3969,0,0,0,1,0,0,0,695,0,0
4579,0,0,0,3989,0,0,0,0,0,0,0,0,0,0,0
4580,217,218,0,1224,0,1,2002,0,1,0,0,0,0,0,0
4581,266,267,0,325,0,0,0,0,1,0,0,0,0,0,0
4582,137,138,0,0,0,0,0,0,0,0,0,0,0,0,0
4599,0,9220,0,4011,0,0,0,0,1,0,0,0,0,0,0
4600,0,4012,0,4013,0,0,0,0,1,0,0,0,0,0,0
4619,114,118,117,4030,0,0,0,0,1,0,0,0,0,0,0
4639,0,0,220,0,0,0,0,0,1,0,0,0,0,0,0
4659,266,267,419,697,0,0,0,0,1,0,0,0,0,0,0
4660,266,267,4049,0,0,0,0,0,1,0,0,0,0,0,0
4661,266,267,689,0,0,0,0,0,1,0,0,0,0,0,0
4662,0,4051,0,0,0,0,0,0,1,0,0,0,0,0,0
4663,0,0,70,298,0,0,0,0,1,0,0,0,0,0,0
4664,0,267,2350,0,0,1,157,0,1,0,0,0,0,0,0
4679,0,2189,2151,0,0,0,0,0,0,0,0,0,0,0,0
4680,0,72,283,0,0,1,157,0,0,0,0,0,0,0,1
4681,0,704,0,4069,0,0,0,0,1,0,0,0,0,0,0
4682,0,5309,0,5310,0,0,0,0,0,0,0,0,0,0,0
4699,0,0,225,0,0,0,0,0,0,0,1,459,4349,0,0
4719,4089,0,0,0,0,0,0,0,0,0,0,0,0,0,0
4720,0,0,813,784,0,0,0,0,1,0,1,621,2589,0,0
4721,0,0,849,0,0,0,0,0,1,0,0,0,0,0,0
4739,0,0,2350,0,0,0,0,0,0,0,0,0,0,0,0
4759,0,0,448,0,0,0,0,0,1,0,0,0,0,0,0
4760,0,218,0,4129,4129,0,0,0,1,0,0,0,695,0,0
4761,114,118,2129,564,0,0,0,0,1,0,0,0,0,0,0
4762,0,4869,0,906,0,0,0,0,0,0,0,0,0,0,0
4763,0,0,4130,0,0,0,0,0,1,0,0,0,0,0,0
4764,0,4131,4132,0,0,0,0,0,0,0,0,0,0,0,0
4779,0,705,78,0,1244,0,0,0,0,0,0,0,0,0,0
4780,0,0,0,4149,0,0,0,0,0,0,0,0,0,0,0
4799,0,0,130,0,0,0,0,0,0,0,1,1702,4349,0,0
4800,400,275,0,0,0,0,0,0,1,0,0,0,0,0,0
4801,217,389,0,4031,0,0,0,0,0,0,0,0,0,0,0
4802,2065,267,130,0,0,0,0,0,0,0,0,0,0,0,0
4819,0,270,228,0,0,0,0,0,1,0,0,0,0,0,0
4820,0,218,0,0,0,0,0,0,0,0,0,0,0,0,0
4821,0,5670,0,4249,1244,0,0,0,1,0,0,0,0,0,0
4822,137,4189,0,0,0,0,0,0,1,0,0,0,0,0,0
4823,195,160,0,4190,0,0,0,0,1,0,0,0,0,0,0
4824,0,0,0,0,0,0,0,0,0,0,0,0,0,0,0
4825,4192,0,0,0,0,0,0,0,0,0,0,0,0,0,0
4826,0,0,728,985,0,0,0,0,0,0,0,0,0,0,0
4839,0,4209,4210,0,4911,0,0,0,1,0,0,0,0,0,0
4840,0,4211,4130,0,0,0,0,0,1,0,0,0,0,0,0
4841,369,369,326,0,0,0,0,0,0,0,0,0,0,0,0
4859,217,218,117,349,0,0,0,0,1,0,1,2362,4850,0,0
4879,726,539,0,564,0,1,675,0,1,0,0,0,0,0,0
4880,0,4570,2750,0,0,0,0,0,1,0,1,2342,695,0,0
4899,161,167,0,4290,0,0,0,0,0,0,1,381,1226,0,0
4919,4849,4570,2750,0,0,0,0,0,1,0,1,2342,695,0,0
4920,266,730,419,0,0,0,0,0,0,0,0,0,0,0,0
4921,4449,4309,608,0,0,1,1179,0,1,0,1,714,4311,0,0
4939,4310,0,498,4031,0,0,0,0,0,0,0,0,0,0,0
4959,137,138,0,0,729,0,0,0,1,0,0,0,0,0,0
4960,99,270,226,3450,0,0,0,0,1,0,0,0,0,0,0
4961,2189,0,0,0,0,0,0,0,0,0,0,0,0,0,0
4962,0,4891,0,985,0,0,0,0,1,0,0,0,2064,0,0
4963,217,5350,0,0,2089,0,0,0,1,0,0,0,1944,0,0
4979,0,341,0,293,739,0,0,0,1,0,0,0,0,0,0
4999,36,37,0,27,0,0,0,0,1,0,0,0,0,0,0
5019,114,118,311,0,0,0,0,0,1,0,0,0,0,0,0
5039,0,0,0,4389,0,0,0,0,0,0,0,0,0,0,0
5040,0,704,0,0,906,0,0,0,1,0,0,0,0,0,0
5041,0,0,0,4390,0,0,0,0,0,0,0,0,0,0,0
5042,0,0,68,0,0,1,524,0,1,3013,0,0,0,0,0
5043,0,4409,0,0,0,0,0,0,0,0,0,0,0,0,0
5044,0,539,348,0,0,0,0,0,0,0,0,0,0,0,0
5059,0,406,232,0,0,0,0,0,1,0,0,0,0,0,2
5079,0,0,4429,0,0,0,0,0,1,0,0,0,0,0,0
5099,0,0,233,0,0,0,0,0,1,0,0,0,0,0,0
5100,0,0,3031,0,0,0,0,0,1,0,0,0,0,0,0
5101,0,0,0,4469,0,0,0,0,1,0,0,0,0,0,0
5119,0,4491,4490,0,0,0,0,0,1,0,0,0,0,0,0
5120,0,0,0,4492,0,0,0,0,0,0,0,0,0,0,0
5139,0,1784,0,0,0,0,0,0,1,0,0,0,0,0,0
5159,195,160,0,2849,0,0,0,0,1,0,0,0,0,0,0
5160,358,4529,0,0,0,0,0,0,0,0,0,0,0,0,0
5161,801,0,798,0,0,0,0,0,1,0,0,0,0,0,0
5162,0,44,0,0,0,0,0,0,1,0,0,0,0,0,0
5179,0,0,0,0,4550,0,0,0,0,0,0,0,0,0,0
5199,30,38,4551,0,0,0,0,0,1,0,0,0,0,0,0
5200,0,0,991,0,0,0,0,0,1,0,0,0,0,0,0
5219,0,0,4569,0,0,0,0,0,0,0,0,0,0,0,0
5220,171,118,378,0,0,1,151,0,2,3015,0,0,0,0,1
5239,0,162,4589,0,0,0,0,0,1,0,0,0,0,0,0
5259,0,4609,0,587,0,0,0,0,0,0,0,0,0,0,0
5260,0,1184,317,349,0,1,2622,0,1,0,0,0,0,0,0
5279,0,0,0,0,4649,0,0,0,0,0,0,0,0,0,0
5280,0,44,2709,0,0,1,2002,0,1,0,0,0,0,0,0
5281,0,0,0,0,4669,0,0,0,0,0,0,0,0,0,0
5282,114,118,381,0,0,0,0,0,1,0,0,0,0,0,0
5283,0,2370,0,0,0,0,0,0,0,0,0,0,0,0,0
5284,0,0,4690,0,0,0,0,0,1,0,0,0,0,0,0
5285,0,2229,348,349,0,0,0,0,0,0,0,0,0,0,0
5286,0,2229,2729,0,0,0,0,0,0,0,0,0,0,0,0
5287,0,506,3415,360,0,0,0,0,1,0,0,0,0,0,0
5288,0,0,3415,360,0,0,0,0,1,0,0,0,0,0,0
5289,0,2229,3056,0,0,0,0,0,0,0,0,0,0,0,0
5290,0,2229,76,0,0,0,0,0,0,0,0,0,0,0,0
5291,0,2229,690,0,0,0,0,0,0,0,0,0,0,0,0
5292,0,2229,498,0,0,0,0,0,0,0,0,0,0,0,0
5299,0,2229,498,4031,0,0,0,0,0,0,0,0,0,0,0
5300,790,789,0,0,0,1,1179,0,2,0,0,0,0,0,0
5301,0,2229,373,108,0,0,0,0,0,0,0,0,0,0,0
5302,0,37,702,784,0,0,0,0,1,0,0,0,0,0,0
5303,0,0,0,0,0,0,0,0,1,0,1,734,0,0,0
5304,266,267,226,0,0,0,0,0,1,0,0,0,0,0,0
5305,60,61,54,0,0,0,0,0,0,0,0,0,0,0,0
5306,0,61,226,0,0,0,0,0,0,0,0,0,0,0,0
5307,0,61,126,360,0,0,0,0,0,0,0,0,0,0,0
5308,403,655,431,0,0,0,0,0,1,0,0,0,0,0,0
5309,0,0,0,0,0,0,0,0,0,0,0,0,0,0,0
5319,0,81,0,0,0,0,0,0,1,0,0,0,0,0,0
5339,0,0,0,221,0,0,0,0,0,0,0,0,0,0,0
5359,30,4729,76,235,0,0,0,0,1,0,0,0,0,0,0
5360,30,38,2750,0,0,1,503,0,1,3011,0,0,0,0,0
5361,0,0,133,0,0,0,0,0,1,0,0,0,0,0,0
5362,30,38,286,0,0,1,1179,0,1,3011,0,0,0,0,1
5363,0,0,501,0,0,0,0,0,1,0,0,0,0,0,0
5379,0,0,0,787,0,0,0,0,1,0,0,0,0,0,0
5399,0,0,215,3437,0,0,0,0,1,0,0,0,0,0,0
5400,186,189,4770,0,0,0,0,0,1,0,0,0,0,0,0
5401,0,0,0,252,0,0,0,0,1,0,0,0,0,0,0
5402,99,417,0,0,0,0,0,0,1,0,0,0,0,0,0
5419,60,1424,0,0,0,0,0,0,1,0,0,0,0,0,0
5420,60,61,987,0,0,0,0,0,1,0,0,0,0,0,0
5421,171,172,2614,0,0,1,188,0,1,0,1,714,2064,0,0
5422,0,0,0,0,4809,0,0,0,1,0,0,0,0,0,0
5423,0,4810,0,0,4809,0,0,0,1,0,0,0,0,0,0
5424,0,4811,348,33,0,0,0,0,0,0,0,0,0,0,0
5439,171,172,2750,0,0,1,1179,0,1,3011,0,0,0,0,0
5440,0,0,373,108,0,0,0,0,0,0,0,0,0,0,0
5441,3271,3272,419,0,0,1,1863,0,2,0,1,734,4831,0,0
5442,0,4830,0,0,0,0,0,0,1,0,0,0,2064,0,0
5443,0,0,0,325,0,0,0,0,1,0,0,0,0,0,0
5444,0,0,0,325,4832,0,0,0,1,0,0,0,0,0,0
5445,6071,38,437,0,0,0,0,0,0,0,1,420,695,0,0
5459,0,4131,0,0,0,0,0,0,0,0,0,0,0,0,0
5460,0,517,4870,0,0,0,0,0,0,0,0,0,0,0,0
5461,0,0,4890,0,4889,0,0,0,1,0,0,0,0,0,0
5479,0,382,232,0,0,0,0,0,0,0,0,0,0,0,0
5499,159,0,0,0,0,0,0,0,1,0,0,0,0,0,0
5500,0,4909,507,0,0,0,0,0,0,0,0,0,0,0,0
5519,0,0,856,235,0,0,0,0,0,0,0,0,0,0,0
5520,0,4929,0,0,0,0,0,0,0,0,0,0,0,0,0
5521,0,988,728,0,0,0,0,0,1,0,1,734,4931,0,0
5522,0,2810,6610,0,0,0,0,0,1,0,0,0,0,0,0
5539,0,190,6499,4949,0,0,0,0,0,0,0,0,0,0,0
5559,0,2409,0,0,0,0,0,0,0,0,0,0,0,0,0
5560,0,0,442,0,0,0,0,0,1,0,0,0,0,0,0
5561,0,5109,0,0,0,0,0,0,1,0,0,0,0,0,0
5562,0,0,121,0,0,0,0,0,1,0,0,0,0,0,0
5579,0,267,381,5189,0,0,0,0,0,0,0,0,0,0,0
5599,217,5289,362,0,0,0,0,0,1,1454,0,0,0,0,0
5600,0,9006,121,0,0,0,0,0,1,0,1,2542,695,0,0
5601,0,4989,0,0,0,0,0,0,0,0,0,0,0,0,0
5619,0,5009,286,0,0,0,0,0,0,0,0,0,3270,0,0
5620,0,5010,0,0,0,0,0,0,0,0,0,0,0,0,0
5621,192,190,1504,842,0,0,0,0,0,0,0,0,0,0,0
5622,0,0,353,0,0,0,0,0,0,0,0,0,0,0,0
5639,0,0,0,5029,0,0,0,0,0,0,0,0,0,0,0
5640,0,0,0,5030,0,0,0,0,0,0,0,0,0,0,0
5641,0,0,0,5031,0,0,0,0,0,0,0,0,0,0,0
5642,0,0,0,5032,0,0,0,0,0,0,0,0,0,0,0
5643,0,0,0,5033,0,0,0,0,0,0,0,0,0,0,0
5644,0,0,0,5034,0,0,0,0,0,0,0,0,0,0,0
5645,0,0,0,5035,0,0,0,0,0,0,0,0,0,0,0
5646,0,0,0,5036,0,0,0,0,0,0,0,0,0,0,0
5647,2270,0,328,5037,0,0,0,0,0,0,0,0,0,0,0
5648,965,965,282,0,0,0,0,0,0,0,0,0,0,0,0
5649,60,984,76,0,0,0,0,0,1,0,0,0,2064,0,0
5650,0,0,255,0,0,0,0,0,1,0,0,0,0,0,0
5651,0,9016,9005,0,0,0,0,0,1,3011,0,0,0,0,0
5652,0,0,331,0,0,0,0,0,1,0,0,0,0,0,0
5659,30,38,2750,0,0,1,1179,0,1,3011,0,0,0,0,0
5679,0,5049,286,0,0,0,0,0,1,0,0,0,2064,0,0
5680,0,356,0,0,0,0,0,0,1,0,0,0,0,0,0
5699,266,5069,0,0,0,0,0,0,1,0,0,0,0,0,0
5719,0,5089,0,349,0,0,0,0,0,0,0,0,1264,0,0
5720,0,0,76,235,0,0,0,0,1,0,0,0,0,0,0
5721,30,38,2750,0,0,0,0,0,1,3011,0,0,0,0,0
5722,5093,6269,0,5090,0,0,0,0,0,0,0,0,0,0,0
5723,797,0,0,0,0,0,0,0,0,0,0,0,0,0,0
5724,0,0,0,0,5249,0,0,0,1,0,0,0,0,0,2
5725,0,0,702,363,0,0,0,0,1,0,0,0,0,0,0
5726,0,0,0,108,0,0,0,0,1,0,0,0,0,0,0
5727,0,4012,0,0,0,0,0,0,1,0,0,0,0,0,0
5728,0,5094,845,0,0,0,0,0,1,0,1,627,0,0,0
5739,0,5110,0,5111,0,0,0,0,1,0,0,0,0,0,0
5759,0,181,336,564,0,0,0,0,0,0,0,0,0,0,0
5760,0,37,702,544,0,0,0,0,0,0,0,0,0,0,0
5779,899,1184,348,33,0,1,2622,0,1,0,0,0,0,0,0
5780,266,730,3381,0,729,0,0,0,1,3012,1,2322,4229,0,0
5781,100,183,0,0,0,0,0,0,1,0,0,0,0,0,0
5782,0,0,5131,0,0,0,0,0,0,0,0,0,0,0,0
5783,0,0,0,436,0,0,0,0,1,0,0,0,0,0,0
5784,0,2189,0,0,0,0,0,0,0,0,0,0,0,0,0
5785,0,686,0,0,0,0,0,0,0,0,0,0,0,0,0
5786,0,94,0,0,0,0,0,0,0,0,0,0,0,0,0
5787,0,5153,0,5152,0,0,0,0,1,0,0,0,0,0,0
5788,189,0,70,0,0,0,0,0,0,0,0,0,0,0,0
5789,217,218,5132,0,0,0,0,0,1,0,0,0,0,0,0
5790,217,218,5133,0,0,0,0,0,1,0,0,0,0,0,0
5791,217,218,5134,0,0,0,0,0,1,0,0,0,0,0,0
5792,217,218,5135,0,0,0,0,0,1,0,0,0,0,0,0
5793,0,0,0,847,0,0,0,0,1,0,0,0,0,0,0
5794,0,0,419,0,0,1,1602,0,1,3014,0,0,0,0,0
5795,5149,5150,720,0,0,1,1547,0,0,0,0,0,0,0,0
5796,0,0,0,0,5169,0,0,0,0,0,0,0,0,0,0
5799,0,730,2470,0,0,0,0,0,0,0,0,0,0,0,0
5800,0,853,5209,0,0,0,0,0,0,0,0,0,0,0,0
5801,0,203,3851,0,0,0,0,0,0,0,0,0,0,0,0
5819,0,3032,461,0,0,0,0,0,1,0,0,0,0,0,0
5839,0,4012,0,0,0,0,0,0,1,0,0,0,0,0,0
5859,0,5269,0,0,0,0,0,0,0,0,0,0,0,0,0
5879,0,0,3292,0,0,0,0,0,1,0,0,0,0,0,0
5899,0,218,508,0,0,0,0,0,0,0,0,0,0,0,0
5919,0,988,2350,0,0,0,0,0,0,0,0,0,0,0,0
5920,0,0,0,6392,8,0,0,0,1,0,0,0,0,0,0
5921,0,0,508,0,0,1,2222,0,1,0,0,0,0,0,0
5922,0,800,2350,2150,0,0,0,0,0,0,0,0,0,0,0
5923,36,37,813,221,0,1,675,0,1,3134,0,0,0,0,1
5924,171,172,133,0,0,1,914,0,1,7674,0,0,0,0,1
5925,0,404,0,0,0,0,0,0,0,0,0,0,0,0,0
5926,0,0,696,0,0,0,0,0,0,0,0,0,0,0,0
5939,195,160,0,5330,0,0,0,0,1,0,0,0,0,0,0
5940,5331,5332,216,3709,0,0,0,0,1,0,0,0,0,0,0
5959,0,5349,0,5090,0,0,0,0,0,0,0,0,0,0,0
5979,5370,5369,276,288,0,0,0,0,1,0,0,0,0,0,0
5980,30,38,5371,0,0,0,0,0,1,3011,1,2503,2064,0,0
5981,0,0,0,0,5372,0,0,0,1,0,0,0,0,0,0
5999,0,172,5389,0,0,1,2662,0,1,0,0,0,0,0,0
6019,0,0,0,0,5409,0,0,0,1,0,0,0,0,0,0
6039,0,5629,4210,0,0,0,0,0,1,0,0,0,0,0,0
6040,345,181,5449,0,0,1,1342,0,1,0,0,0,0,0,0
6041,0,0,0,3531,0,0,0,0,1,0,0,0,0,0,0
6042,0,172,5450,0,0,1,2662,0,1,0,0,0,0,0,0
6043,0,356,348,33,0,0,0,0,0,0,0,0,0,0,0
6044,0,369,437,370,0,0,0,0,0,0,0,0,0,0,0
6045,5469,5470,0,0,0,0,0,0,1,0,0,0,0,0,0
6059,0,0,0,0,5489,0,0,0,1,0,0,0,0,0,0
6079,0,0,0,0,5509,0,0,0,1,0,0,0,0,0,0
6080,0,5510,0,0,0,0,0,0,0,0,0,0,0,0,0
6099,0,0,0,784,0,0,0,0,0,0,1,1309,0,0,0
6100,0,0,0,5529,0,0,0,0,0,0,0,0,0,0,0
6119,0,5549,0,0,0,0,0,0,0,0,0,0,0,0,0
6139,358,0,0,0,0,0,0,0,1,0,0,0,0,0,0
6159,0,181,4930,0,0,1,2682,0,1,0,0,0,0,0,1
6160,0,0,0,0,5569,0,0,0,0,0,0,0,0,0,0
6179,5589,5590,0,0,0,0,0,0,1,0,0,0,0,7734,0
6180,0,5591,0,0,0,0,0,0,1,0,0,0,0,0,0
6199,0,0,0,349,5609,0,0,0,0,0,0,0,0,0,0
6219,0,2351,5450,0,0,1,2662,0,1,0,0,0,0,0,0
6239,0,1624,0,1805,0,0,0,0,0,0,0,0,4349,0,0
6259,0,5649,5729,0,0,0,0,0,0,0,0,0,0,0,0
6279,0,0,291,0,0,0,0,0,1,0,0,0,0,0,0
6280,0,0,0,66,0,0,0,0,1,0,0,0,0,0,0
6299,0,0,216,0,0,0,0,0,1,0,0,0,0,0,0
6319,0,0,264,0,0,0,0,0,1,0,0,0,0,0,0
6339,0,0,130,3450,0,0,0,0,1,0,0,0,0,0,0
6340,0,0,0,252,0,0,0,0,1,0,0,0,0,0,0
6359,0,0,282,5689,0,0,0,0,1,0,0,0,0,0,0
6379,0,0,0,5709,0,0,0,0,1,0,0,0,0,0,0
6399,60,61,0,0,0,0,0,0,1,0,1,257,0,0,0
6419,0,0,2750,235,0,0,0,0,1,0,1,1422,695,0,0
6439,36,37,0,434,0,0,0,0,1,0,0,0,0,0,0
6440,114,118,0,434,0,0,0,0,1,0,0,0,0,0,0
6459,60,984,0,985,0,0,0,0,1,0,1,714,2064,0,0
6479,0,0,437,0,0,0,0,0,1,0,0,0,0,0,0
6480,0,0,5429,5769,0,0,0,0,0,0,0,0,0,0,0
6481,0,0,702,5770,0,0,0,0,1,0,0,0,0,0,0
6482,5771,0,0,0,0,0,0,0,0,0,0,0,0,0,0
6499,197,205,527,0,0,0,0,0,1,0,0,0,0,0,0
6500,0,429,509,814,430,0,0,0,1,0,0,0,0,0,0
6501,196,204,68,0,0,0,0,0,0,0,1,586,4349,0,0
6502,0,5810,0,0,0,0,0,0,0,0,0,0,0,0,0
6503,0,0,213,235,0,0,0,0,0,0,0,0,0,0,0
6504,0,0,728,0,0,0,0,0,1,0,1,257,695,0,0
6505,60,61,448,5829,0,0,0,0,1,0,0,0,0,0,0
6506,0,807,9228,0,0,0,0,0,0,0,0,0,0,0,0
6507,0,0,0,668,0,0,0,0,0,0,0,0,0,0,0
6519,217,218,304,0,0,0,0,0,1,3015,1,239,0,0,0
6539,0,0,0,5849,0,0,0,0,1,0,0,0,0,0,0
6540,195,160,0,3709,0,0,0,0,1,0,0,0,0,0,0
6559,4451,5851,5870,235,0,0,0,0,1,0,0,0,0,0,0
6560,0,411,0,0,0,0,0,0,0,0,0,0,0,0,0
6579,0,0,448,235,0,0,0,0,1,0,0,0,0,0,0
6580,0,61,448,235,0,0,0,0,1,0,0,0,0,0,0
6581,0,1027,450,5330,0,0,0,0,1,0,0,0,0,0,0
6582,0,38,728,0,0,0,0,0,1,0,0,0,0,0,0
6583,0,181,702,5770,0,0,0,0,1,0,0,0,0,0,0
6584,0,0,0,0,5889,0,0,0,0,0,0,0,0,0,0
6585,0,3154,70,0,0,0,0,0,1,0,0,0,0,0,0
6586,0,5890,408,780,0,0,0,0,0,0,0,0,0,0,0
6587,0,5891,393,0,0,0,0,0,1,0,0,0,0,0,0
6588,0,0,0,5849,0,0,0,0,1,0,0,0,0,0,0
6589,0,0,0,5893,0,0,0,0,1,0,0,0,0,0,0
6590,0,0,0,5897,0,0,0,0,1,0,0,0,0,0,0
6591,0,0,0,5895,0,0,0,0,1,0,0,0,0,0,0
6592,0,0,0,5894,0,0,0,0,1,0,0,0,0,0,0
6593,0,0,0,5896,0,0,0,0,1,0,0,0,0,0,0
6594,0,0,0,5892,0,0,0,0,1,0,0,0,0,0,0
6595,0,0,348,0,0,0,0,0,0,0,0,0,0,0,0
6596,0,1624,702,0,0,0,0,0,1,0,0,0,2271,0,0
6597,0,0,0,5898,0,0,0,0,0,0,0,0,0,0,0
6598,0,0,283,0,0,1,694,0,1,0,0,0,0,0,1
6599,0,5909,0,0,0,0,0,0,0,0,0,0,0,0,0
6619,36,37,3031,0,0,0,0,0,1,0,1,621,2271,0,0
6620,0,5929,5930,587,0,0,0,0,0,0,0,0,0,0,0
6621,0,267,0,1186,0,0,0,0,1,0,0,0,0,0,0
6622,0,270,154,0,0,0,0,0,1,0,0,0,0,0,0
6623,99,0,0,0,0,0,0,0,1,0,0,0,0,0,0
6624,0,411,3415,0,0,0,0,0,1,0,0,0,0,0,0
6625,0,0,0,691,0,0,0,0,0,0,0,0,0,0,0
6626,0,0,0,0,0,0,0,0,1,0,0,0,0,0,0
6627,217,218,273,5969,0,0,0,0,1,0,0,0,0,0,0
6628,218,0,225,0,0,0,0,0,0,0,1,565,0,0,0
6629,0,0,0,5990,0,0,0,0,1,0,0,0,0,0,0
6630,0,0,5950,0,0,0,0,0,0,0,0,0,0,0,0
6631,0,800,233,653,0,0,0,0,1,0,0,0,0,0,0
6632,0,0,0,5951,0,0,0,0,0,0,0,0,0,0,0
6633,0,0,782,587,0,0,0,0,0,0,0,0,0,0,0
6634,0,0,0,1224,0,0,0,0,1,0,0,0,0,0,0
6639,0,770,725,0,0,0,0,0,1,0,0,0,0,0,0
6640,0,404,0,0,0,0,0,0,1,0,0,0,0,0,0
6641,0,0,2729,0,0,0,0,0,0,0,0,0,0,0,0
6659,0,0,0,0,0,0,0,0,0,0,1,2683,0,0,0
6660,0,5989,0,0,0,0,0,0,0,0,1,1303,0,0,0
6661,0,0,56,0,0,0,0,0,0,0,0,0,0,0,0
6662,0,181,0,6031,0,0,0,0,0,0,0,0,0,0,0
6663,0,1644,0,3709,0,0,0,0,1,0,0,0,0,0,0
6664,0,0,437,370,0,0,0,0,0,0,0,0,0,0,0
6665,0,1366,527,691,0,0,0,0,0,0,0,0,0,0,0
6679,0,5899,0,0,0,0,0,0,0,0,0,0,0,0,0
6680,0,0,152,0,0,0,0,0,1,0,0,0,0,0,0
6681,0,388,0,0,0,0,0,0,0,0,0,0,0,0,0
6682,0,81,6029,108,0,0,0,0,1,0,0,0,0,0,0
6683,6030,218,741,0,0,0,0,0,0,0,1,100,4349,0,0
6684,0,0,992,325,0,0,0,0,1,0,0,0,0,0,0
6685,217,218,304,0,0,0,0,0,1,3015,1,734,0,0,0
6699,0,0,0,5129,0,0,0,0,0,0,0,0,0,0,0
6700,0,0,0,0,0,0,0,0,0,0,1,2803,695,0,0
6719,0,0,0,6050,0,0,0,0,0,0,0,0,0,0,0
6720,0,1644,226,0,0,0,0,0,0,0,0,0,0,0,0
6739,321,321,6069,0,0,0,0,0,1,0,0,0,0,-1,0
6740,0,0,0,0,6070,0,0,0,1,0,0,0,0,0,0
6741,0,0,6073,0,0,0,0,0,0,0,0,0,0,0,0
6742,0,0,0,0,6072,0,0,0,1,0,0,0,0,0,0
6743,30,38,286,0,0,1,1179,0,1,3011,1,420,695,0,0
6744,0,6074,0,0,0,0,0,0,1,0,0,0,0,0,0
6759,0,6089,373,0,0,0,0,0,1,0,0,0,0,0,0
6760,171,172,3209,0,0,1,914,0,1,7674,0,0,0,0,1
6761,0,0,551,234,0,0,0,0,1,0,0,0,0,0,0
6762,0,6090,9200,0,0,0,0,0,1,0,0,0,0,0,0
6763,0,0,0,6091,0,0,0,0,0,0,0,0,0,0,0
6764,60,61,0,6092,0,0,0,0,1,0,0,0,0,0,0
6765,197,205,0,6093,0,0,0,0,1,0,0,0,0,0,0
6766,217,218,0,6094,0,0,0,0,1,0,0,0,0,0,0
6767,171,172,3209,0,0,1,2842,0,1,3228,0,0,0,0,1
6768,266,267,6095,0,0,0,0,0,1,0,0,0,0,0,0
6769,163,2149,0,0,0,0,0,0,1,0,0,0,0,0,0
6770,0,0,0,5330,0,0,0,0,1,0,0,0,0,0,0
6771,0,0,0,6098,0,0,0,0,1,0,0,0,0,0,0
6772,0,0,0,985,0,0,0,0,1,0,0,0,0,0,0
6773,0,0,0,564,0,0,0,0,1,0,0,0,0,0,0
6774,0,0,0,1484,0,0,0,0,1,0,0,0,0,0,0
6775,0,0,6561,3378,0,0,0,0,1,0,0,0,0,0,0
6776,0,0,6097,0,0,0,0,0,0,0,0,0,0,0,0
6777,246,704,0,6099,0,0,0,0,1,0,0,0,0,0,0
6778,0,0,450,3709,0,0,0,0,0,0,0,0,0,0,0
6779,2024,2610,214,0,0,0,0,0,1,0,0,0,0,0,0
6780,2024,6100,214,0,0,0,0,0,1,0,0,0,0,0,0
6799,0,182,0,2650,0,0,0,0,1,0,0,0,0,0,0
6800,0,6109,0,0,0,0,0,0,0,0,0,0,0,0,0
6801,0,1184,0,0,0,0,0,0,0,0,0,0,0,0,0
6802,0,0,487,33,0,0,0,0,1,0,0,0,0,0,0
6803,60,61,447,985,0,0,0,0,1,0,0,0,0,0,0
6819,5370,6129,276,0,0,0,0,0,1,0,0,0,0,0,0
6820,0,6130,805,784,0,0,0,0,1,0,0,0,0,0,0
6821,0,0,6131,0,0,0,0,0,0,0,0,0,0,0,0
6822,124,72,283,0,0,1,2865,0,1,3087,0,0,0,0,0
6823,0,0,0,6134,0,0,0,0,1,0,0,0,0,0,0
6824,0,0,0,6135,0,0,0,0,1,0,0,0,0,0,0
6825,0,0,0,6136,0,0,0,0,0,0,0,0,0,0,0
6826,137,1611,0,0,0,0,0,0,0,0,0,0,0,0,0
6839,0,0,121,0,0,0,0,0,1,3012,0,0,0,0,0
6859,0,0,0,349,0,0,0,0,1,0,0,0,0,0,0
6879,6190,6149,0,0,0,0,0,0,1,0,0,0,0,0,0
6880,0,0,0,6150,0,0,0,0,0,0,0,0,0,0,0
6881,0,6151,0,0,0,0,0,0,1,0,0,0,0,0,0
6882,0,0,232,0,0,0,0,0,1,0,0,0,0,0,0
6899,60,3595,0,985,0,0,0,0,1,0,0,0,2064,0,0
6919,0,0,448,5829,0,0,0,0,1,0,0,0,0,0,0
6920,0,0,2750,0,0,0,0,0,1,0,1,420,695,0,0
6921,0,0,0,0,0,0,0,0,0,0,0,0,0,0,0
6922,0,0,6170,697,0,0,0,0,1,0,0,0,0,0,0
6939,6189,0,0,0,0,0,0,0,1,0,0,0,0,0,0
6940,0,0,54,0,0,0,0,0,0,0,0,0,0,0,0
6941,0,0,62,292,0,0,0,0,1,0,0,0,4349,0,0
6942,0,0,56,3949,0,0,0,0,1,0,0,0,0,0,2
6943,0,0,373,108,0,0,0,0,1,0,0,0,0,0,0
6944,0,0,0,292,0,0,0,0,1,0,0,0,4349,0,0
6959,0,0,0,6209,0,0,0,0,0,0,0,0,0,0,0
6960,0,0,220,436,0,0,0,0,1,0,0,0,0,0,0
6979,0,2509,2470,0,0,0,0,0,1,0,0,0,0,0,0
6999,0,429,509,814,430,0,0,0,1,0,0,0,0,0,0
7000,0,429,0,6229,402,0,0,0,1,0,0,0,0,0,0
7001,0,2189,431,0,0,0,0,0,0,0,0,0,0,0,0
7019,0,6250,133,0,0,1,523,0,1,0,0,0,0,0,0
7020,0,6249,0,2569,0,0,0,0,1,0,0,0,0,0,0
7039,5370,5369,276,3378,0,0,0,0,1,0,0,0,0,0,0
7040,0,0,1005,0,0,0,0,0,1,0,1,734,0,0,0
7041,0,0,232,0,0,0,0,0,1,0,0,0,0,0,0
7042,0,218,2350,0,0,0,0,0,0,0,0,0,0,0,0
7059,0,0,721,0,0,0,0,0,0,0,0,0,0,0,0
7079,0,0,6270,108,0,0,0,0,1,0,0,0,0,0,0
7080,0,181,0,784,0,0,0,0,1,0,1,2968,0,0,0
7081,0,6271,805,564,0,0,0,0,0,0,0,0,0,0,0
7082,0,1624,0,0,0,0,0,0,0,0,0,0,0,0,0
7099,0,0,2290,0,0,0,0,0,1,0,0,0,0,0,0
7119,0,704,0,6289,0,0,0,0,1,0,0,0,0,0,0
7139,0,1184,6309,0,0,1,1782,2,2,3011,0,0,0,0,0
7140,0,6310,0,0,0,0,0,0,0,0,0,0,0,0,0
7159,0,6311,0,0,0,0,0,0,0,0,0,0,0,0,0
7160,192,3169,212,0,0,0,0,0,1,0,0,0,0,0,0
7161,0,6271,3031,564,0,0,0,0,1,0,0,0,0,0,0
7162,0,0,4930,0,0,1,1962,0,1,0,0,0,0,0,0
7163,0,0,0,0,370,0,0,0,0,0,0,0,0,0,0
7164,6329,844,0,0,0,0,0,0,0,0,1,257,1285,0,0
7179,0,369,4930,0,0,0,0,0,0,0,0,0,0,0,0
7180,0,0,2350,0,0,0,0,0,0,0,1,1703,0,0,0
7181,0,0,0,0,0,0,0,0,0,0,1,619,0,0,0
7182,0,2149,0,0,0,0,0,0,0,0,0,0,0,0,0
7183,0,37,702,0,0,0,0,0,0,0,0,0,0,0,0
7184,0,0,702,784,0,0,0,0,0,0,1,1309,0,0,0
7199,0,0,721,0,0,0,0,0,0,0,0,0,2590,0,0
7200,345,181,813,221,0,1,675,0,1,3134,0,0,0,0,1
7201,99,270,70,0,0,0,0,0,1,0,0,0,0,0,0
7202,826,6330,0,6333,6331,0,0,0,1,0,0,0,0,0,1
7203,0,218,2350,0,0,0,0,0,0,0,0,0,0,0,0
7204,0,37,813,0,0,0,0,0,1,0,0,0,2271,0,0
7205,0,0,0,4389,0,1,1546,0,1,3013,0,0,0,0,0
7206,0,0,3031,0,0,0,0,0,1,3013,0,0,0,0,0
7219,0,0,470,0,0,1,694,0,1,0,0,0,0,0,1
7220,0,6334,0,0,0,0,0,0,0,0,1,279,0,0,0
7221,193,191,0,0,0,0,0,0,0,0,0,0,0,0,0
7239,0,388,0,0,0,0,0,0,0,0,0,0,0,0,0
7240,6349,6350,437,0,0,0,0,0,0,0,0,0,0,0,0
7241,0,6352,6351,0,0,0,0,0,0,0,0,0,0,0,0
7242,0,6353,0,0,0,0,0,0,0,0,0,0,0,0,0
7243,0,0,0,6354,0,0,0,0,0,0,0,0,0,0,0
7244,0,6355,4930,0,0,0,0,0,1,0,0,0,0,0,0
7245,6356,0,0,0,0,0,0,0,0,0,0,0,0,0,0
7246,0,844,987,0,0,0,0,0,1,0,0,0,0,0,0
7247,0,6369,0,312,0,0,0,0,1,0,1,389,0,0,0
7248,0,366,507,0,0,0,0,0,0,0,0,0,0,0,0
7249,0,6357,4210,0,0,0,0,0,1,0,0,0,0,0,0
7250,6408,6409,6359,0,0,1,2962,0,1,3318,0,0,0,0,0
7251,0,6358,0,0,0,0,0,0,0,0,0,0,0,0,0
7259,171,6370,0,288,0,0,0,0,1,0,0,0,0,0,0
7260,0,0,0,6381,0,0,0,0,1,0,0,0,0,-1,0
7261,6371,165,70,0,0,0,0,0,1,0,0,0,0,0,0
7262,0,478,0,6372,0,0,0,0,1,0,0,0,0,0,0
7263,0,0,0,6373,0,0,0,0,0,0,0,0,0,0,0
7264,0,0,0,6374,0,0,0,0,0,0,0,0,0,0,0
7265,0,6375,0,0,0,0,0,0,0,0,0,0,0,0,0
7266,0,0,0,6376,0,0,0,0,0,0,0,0,0,0,0
7267,0,0,0,564,0,0,0,0,0,0,0,0,0,0,0
7268,0,6377,702,1805,0,0,0,0,0,0,1,1309,4349,0,0
7269,0,0,0,0,6378,0,0,0,0,0,0,0,0,0,0
7270,0,0,0,0,6379,0,0,0,0,0,0,0,0,0,0
7271,0,0,0,6380,0,0,0,0,0,0,0,0,0,0,0
7272,0,1184,0,0,0,1,1783,2,2,0,1,586,6388,0,0
7273,0,0,220,0,0,1,2972,0,1,0,0,0,0,0,0
7274,0,902,220,0,0,0,0,0,1,0,0,0,0,0,0
7275,6382,0,228,0,0,0,0,0,1,0,0,0,0,0,0
7276,5290,329,2651,0,0,0,0,0,1,0,0,0,0,0,0
7277,0,0,0,6413,0,0,0,0,0,0,1,2971,0,0,0
7278,0,730,6385,6384,0,0,0,0,1,0,0,0,0,0,0
7279,403,172,0,0,0,1,151,2,2,1641,1,401,0,0,0
7280,0,189,231,0,0,0,0,0,0,0,0,0,0,0,0
7281,0,0,0,0,6387,0,0,0,0,0,0,0,0,3373,0
7282,0,2810,2829,0,0,0,0,0,1,0,0,0,0,0,0
7283,0,797,5371,6521,0,0,0,0,1,0,0,0,0,0,0
7284,0,0,0,27,0,0,0,0,1,0,0,0,0,0,0
7285,0,0,2350,0,0,0,0,0,1,3015,0,0,0,0,0
7286,0,0,448,0,0,0,0,0,1,0,0,0,0,0,0
7287,0,224,357,0,0,0,0,0,0,0,0,0,0,0,0
7288,0,181,495,0,0,0,0,0,1,0,0,0,0,0,0
7289,0,61,5371,0,0,0,0,0,1,0,0,0,0,0,0
7290,0,270,431,0,0,0,0,0,1,0,0,0,0,0,0
7291,0,0,227,0,0,0,0,0,1,0,0,0,0,0,0
7292,0,0,226,0,0,0,0,0,1,0,0,0,0,0,0
7293,0,341,470,0,0,0,0,0,1,0,0,0,0,0,0
7294,0,6391,0,0,0,0,0,2,2,0,1,586,6390,0,0
7295,0,0,0,4070,0,0,0,0,0,0,0,0,0,0,0
7296,0,2229,3031,564,0,0,0,0,0,0,0,0,0,0,0
7297,0,0,813,0,0,0,0,0,0,0,1,621,2271,0,0
7298,0,788,0,6392,0,0,0,0,0,0,0,0,0,0,0
7299,0,6393,0,566,0,0,0,0,0,0,0,0,0,0,0
7300,0,267,496,0,0,0,0,0,1,0,0,0,0,0,0
7301,0,0,0,0,6379,0,0,0,0,0,0,0,0,0,0
7302,0,6394,410,0,0,0,0,0,0,0,0,0,0,0,0
7303,0,321,282,0,0,0,0,0,1,0,0,0,0,0,0
7304,0,392,0,5829,0,0,0,0,0,0,0,0,0,0,0
7305,0,1184,1946,0,0,1,1180,0,1,0,0,0,0,0,0
7306,0,61,249,0,0,0,0,0,1,0,0,0,0,0,0
7307,0,6395,0,0,0,0,0,0,0,0,0,0,0,0,0
7308,0,6396,0,0,0,0,0,0,0,0,0,0,0,0,0
7309,217,6397,304,0,0,0,0,0,1,3015,0,0,0,0,0
7310,0,5629,6398,0,0,0,0,0,1,0,0,0,0,0,0
7311,0,118,6399,0,0,0,0,0,0,0,0,0,0,0,0
7312,0,6400,3031,3378,0,0,0,0,1,0,0,0,0,0,0
7313,137,6401,0,0,729,0,0,0,1,0,0,0,0,0,0
7314,528,172,0,0,0,0,0,0,1,0,0,0,0,0,0
7315,0,6402,6403,0,0,0,0,0,0,0,0,0,0,0,0
7316,0,0,0,0,0,0,0,0,1,0,0,0,0,0,0
7317,0,0,0,235,0,0,0,0,1,0,0,0,0,0,0
7318,0,0,54,235,0,0,0,0,0,0,0,0,0,0,0
7319,0,6430,0,0,0,0,0,0,1,0,0,0,0,0,0
7320,0,0,0,6419,0,0,0,0,1,0,1,2978,0,0,0
7321,0,0,0,0,0,0,0,0,0,0,0,0,0,0,0
7322,358,3375,0,0,6405,0,0,0,0,0,1,1923,3376,-1,0
7323,186,189,458,0,0,0,0,0,0,0,0,0,0,0,0
7324,0,0,0,1286,0,0,0,0,1,0,0,0,0,0,0
7325,403,61,0,0,0,0,0,0,1,0,0,0,0,0,0
7326,0,0,813,6410,0,0,0,0,1,0,0,0,0,0,0
7327,0,0,813,6136,0,0,0,0,0,0,0,0,0,0,0
7328,0,0,0,6412,0,0,0,0,0,0,0,0,0,0,0
7329,61,38,6553,0,0,1,523,0,1,0,1,588,0,0,0
7330,0,0,0,0,6413,0,0,0,0,0,0,0,0,0,0
7331,345,181,442,0,0,0,0,0,1,0,0,0,0,0,0
7332,0,0,0,6414,0,0,0,0,1,0,0,0,0,0,0
7333,0,37,565,6556,0,0,0,0,1,0,0,0,0,0,0
7334,0,0,6415,0,0,0,0,0,0,0,0,0,0,0,0
7335,0,6416,805,784,0,0,0,0,1,0,0,0,0,0,0
7336,0,984,0,6384,0,0,0,0,1,0,0,0,0,0,0
7337,99,270,226,0,0,0,0,0,1,0,0,0,0,0,0
7338,0,6417,0,0,0,0,0,0,1,0,0,0,0,0,0
7339,60,61,0,0,0,1,1863,2,2,0,0,0,0,0,0
7340,171,517,0,0,0,1,914,2,2,0,1,257,6390,0,0
7341,0,730,0,0,0,1,405,0,1,0,0,0,0,0,0
7342,0,6418,0,0,0,0,0,0,0,0,0,0,0,0,0
7343,60,5009,2614,0,0,1,525,0,1,0,0,0,0,0,0
7347,0,659,4930,0,0,0,0,0,0,0,0,0,0,0,0
7348,0,6421,213,6554,0,0,0,0,0,0,0,0,0,0,0
7349,0,5011,0,0,0,1,523,0,1,0,0,0,0,0,0
7350,60,5009,2614,0,0,1,1180,2,1,0,0,0,0,0,0
7351,0,0,0,0,0,0,0,0,0,0,1,565,0,0,0
7352,193,191,0,0,0,0,0,0,1,0,1,279,0,0,0
7353,0,0,0,6422,0,0,0,0,0,0,0,0,0,0,0
7354,0,0,333,0,0,0,0,0,1,0,0,0,0,0,0
7355,0,6423,68,0,0,0,0,0,1,0,1,1344,609,0,0
7356,4449,6424,68,0,0,0,0,0,1,0,0,0,695,0,0
7357,0,6425,68,0,0,0,0,0,1,0,0,0,0,0,0
7360,6427,4750,0,0,0,0,0,0,0,0,0,0,0,0,0
7361,0,0,3170,3378,0,0,0,0,0,0,0,0,0,0,0
7363,266,267,0,0,0,0,0,0,0,0,0,0,0,0,0
7364,0,6444,381,0,0,0,0,0,1,0,0,0,0,0,0
7365,0,6444,448,0,0,0,0,0,1,0,0,0,0,0,0
7366,0,6444,450,0,0,0,0,0,1,0,0,0,0,0,0
7367,0,6444,495,0,0,0,0,0,1,0,0,0,0,0,0
7368,0,6444,42,0,0,0,0,0,1,0,0,0,0,0,0
7369,0,44,0,0,0,1,2002,0,1,0,0,0,0,0,0
7370,0,0,0,6429,0,0,0,0,0,0,0,0,0,0,0
7371,0,6431,0,0,0,0,0,0,1,0,0,0,0,0,0
7375,0,0,0,6432,0,0,0,0,0,0,0,0,0,0,0
7376,99,270,992,0,0,0,0,0,0,0,0,0,0,0,0
7377,6433,6434,6502,0,0,1,2997,0,1,3012,0,0,0,0,0
7378,0,327,0,0,0,0,0,0,0,0,0,0,0,0,0
7379,99,270,154,0,0,0,0,0,1,0,0,0,0,0,0
7383,0,399,3049,0,0,0,0,0,1,0,0,0,0,0,0
7384,0,172,6437,0,0,1,2662,0,1,0,0,0,0,0,0
7385,0,0,6437,0,0,1,2662,0,1,0,0,0,0,0,0
7386,0,93,283,360,0,0,0,0,1,0,0,0,0,0,0
7387,0,0,0,6439,0,0,0,0,0,0,0,0,0,0,0
7388,0,0,264,0,0,1,694,0,1,0,0,0,0,0,0
7389,0,0,0,0,0,0,0,0,1,0,0,0,0,0,0
7390,0,0,0,6441,0,1,675,0,0,0,0,0,0,0,0
7391,0,2370,549,0,0,1,1522,0,1,0,0,0,0,0,0
7392,124,316,6442,0,0,0,0,0,1,0,0,0,0,0,0
7393,0,888,6442,0,0,0,0,0,1,0,0,0,0,0,0
7394,0,379,0,825,0,0,0,0,1,0,0,0,0,0,0
7395,0,379,0,6443,0,0,0,0,1,0,0,0,0,0,0
7396,0,902,0,0,0,0,0,0,1,0,0,0,0,0,0
7397,0,6445,0,0,0,0,0,0,1,0,0,0,0,0,0
7398,0,0,373,6446,0,0,0,0,1,0,0,0,0,0,0
7399,0,44,3051,0,0,1,2002,0,1,0,0,0,0,0,0
7400,403,172,0,0,0,0,0,0,1,0,0,0,0,0,0
7401,0,1184,0,0,0,1,258,2,1,0,1,2988,6447,0,0
7402,0,0,0,6448,0,0,0,0,0,0,0,0,0,0,0
7403,0,6449,0,0,0,0,0,0,0,0,0,0,0,0,0
7404,518,438,0,0,0,0,0,0,1,0,0,0,0,0,0
7405,0,0,0,0,0,1,3001,0,1,0,1,621,2271,0,0
7406,0,0,0,3709,0,0,0,0,1,0,0,0,0,0,0
7407,0,6450,6451,0,0,0,0,0,1,3015,0,0,0,0,0
7408,0,6452,0,0,0,0,0,0,0,0,0,0,0,0,0
7409,0,889,0,0,0,1,675,0,1,0,1,2968,0,0,0
7410,0,172,6437,0,0,1,2662,0,1,0,0,0,0,0,0
7411,0,0,0,0,0,0,0,0,1,0,1,2991,0,0,0
7412,0,0,0,6454,0,0,0,0,0,0,0,0,0,0,0
7413,0,6455,0,0,0,0,0,0,0,0,0,0,0,0,0
7414,0,327,0,0,0,0,0,0,0,0,0,0,0,0,0
7415,0,438,6456,0,0,0,0,0,0,0,0,0,0,0,0
7416,0,0,215,3437,0,0,0,0,0,0,0,0,0,0,0
7417,0,0,215,6460,0,0,0,0,0,0,0,0,0,0,0
7418,0,6458,6459,0,0,0,0,0,1,3015,0,0,0,0,0
7419,0,0,1005,0,0,1,2682,0,1,0,1,734,0,0,0
7420,0,0,76,854,0,1,2,0,1,0,0,0,0,0,0
7421,0,797,0,0,0,0,0,0,0,0,0,0,0,0,0
7422,5093,6269,0,5090,0,0,0,0,0,0,0,0,0,0,0
7423,0,438,431,0,0,0,0,0,1,0,0,0,0,0,2
7424,266,425,3772,0,0,0,0,0,1,0,0,0,0,0,0
7425,0,0,0,6461,0,0,0,0,1,0,0,0,0,0,0
7426,0,2971,6462,0,0,1,259,0,1,0,0,0,0,0,0
7427,0,369,507,0,0,0,0,0,0,0,0,0,0,0,0
7428,0,6465,437,6464,0,0,0,0,0,0,0,0,0,0,0
7429,0,6463,283,360,0,0,0,0,1,0,0,0,0,0,0
7430,0,6466,0,0,0,0,0,0,0,0,0,0,0,0,0
7431,0,6468,6467,6469,0,0,0,0,1,0,0,0,0,0,0
7432,2229,0,422,0,0,0,0,0,0,0,0,0,0,0,0
7433,0,4209,465,5749,0,0,0,0,1,0,0,0,0,0,0
7434,6486,6480,6490,0,0,0,0,0,1,0,0,0,0,0,0
7435,0,6482,6471,0,0,0,0,0,1,3013,0,0,0,0,1
7436,819,894,0,0,0,0,0,0,0,0,0,0,0,0,0
7437,0,0,0,6472,0,0,0,0,0,0,0,0,0,0,0
7438,6473,0,0,0,0,0,0,0,0,0,0,0,0,0,0
7439,0,0,0,564,0,0,0,0,0,0,0,0,0,0,0
7440,0,0,6474,0,0,0,0,0,0,0,0,0,2590,0,0
7441,0,6476,6492,0,0,0,0,0,1,0,0,0,0,0,0
7442,0,0,0,6477,0,0,0,0,1,0,0,0,0,0,0
7443,0,0,0,0,0,0,0,0,0,0,1,2994,0,0,0
7444,0,0,6474,6479,0,0,0,0,1,0,0,0,0,0,0
7445,0,0,0,6481,0,0,0,0,1,0,0,0,0,0,0
7446,0,0,6478,0,0,0,0,0,0,0,0,0,0,0,0
7447,0,0,0,0,0,0,0,0,0,0,1,2995,0,0,0
7448,171,172,6483,0,0,1,258,0,1,0,0,0,0,0,0
7449,0,6484,6485,0,0,0,0,0,0,0,0,0,0,0,0
7450,0,0,6487,0,0,0,0,0,0,0,0,0,0,0,0
7451,43,1664,1666,349,0,0,0,0,1,0,0,0,0,0,0
7452,0,797,856,0,0,0,0,0,0,0,0,0,0,0,0
7453,6491,0,0,0,0,0,0,0,0,0,0,0,0,0,0
7454,0,0,992,0,0,0,0,0,0,0,0,0,0,0,0
7455,0,0,0,6493,0,0,0,0,0,0,0,0,0,0,0
7456,358,6494,0,0,0,0,0,0,0,0,0,0,0,0,0
7457,0,6495,813,0,0,1,675,0,1,3015,0,0,0,0,0
7458,0,0,6459,0,0,0,0,0,1,3015,0,0,0,0,0
7459,0,0,6496,0,0,0,0,0,1,0,0,0,0,0,0
7460,345,181,895,3380,0,0,0,0,1,0,0,0,0,0,0
7461,6498,705,0,0,0,0,0,0,1,0,0,0,0,0,0
7463,0,517,220,0,0,0,0,0,0,0,0,0,0,0,0
7464,0,889,813,221,0,1,675,0,1,0,0,0,0,0,0
7465,0,797,0,0,0,0,0,0,0,0,0,0,0,0,0
7466,0,888,283,6500,0,0,0,0,1,0,0,0,0,0,0
7467,726,37,813,6501,0,1,675,0,1,3134,0,0,0,0,1
7468,6433,6434,6504,0,0,1,2997,0,0,3012,0,0,0,0,0
7469,6433,6434,6502,0,0,1,2997,0,2,3012,0,0,0,0,0
7470,6433,6434,6503,0,0,1,2997,0,1,3012,0,0,0,0,0
7471,6433,6434,6509,0,0,1,2997,0,4,3012,0,0,0,0,0
7472,0,0,264,0,0,0,0,0,1,0,0,0,0,0,0
7473,6466,3393,0,312,0,0,0,0,1,0,0,0,0,0,0
7474,0,0,0,6506,0,0,0,0,0,0,0,0,0,0,0
7475,0,0,0,0,0,0,0,0,0,0,1,3002,0,0,0
7476,6433,6434,6507,0,0,1,2997,0,3,3012,0,0,0,0,0
7477,0,0,0,6508,0,0,0,0,1,0,0,0,0,0,0
7478,114,118,219,0,0,1,3006,0,1,3015,0,0,0,0,0
7479,171,172,0,0,0,0,0,0,1,0,1,3007,2064,0,0
7480,0,172,133,0,0,1,3008,2,1,3011,0,0,0,0,0
7481,0,81,373,5829,0,0,0,0,1,0,0,0,0,0,0
7482,0,0,6514,0,0,0,0,0,0,0,0,0,0,0,0
7483,0,6511,0,0,0,0,0,0,0,0,0,0,0,0,0
7484,0,0,126,360,0,0,0,0,1,0,0,0,0,0,0
7486,0,0,6512,0,0,0,0,0,0,0,0,0,0,0,0
7487,0,6513,0,0,0,0,0,0,0,0,0,0,0,0,0
7488,0,928,0,0,0,0,0,0,0,0,1,3012,0,0,0
7489,0,0,0,6549,0,0,0,0,0,0,0,0,0,0,0
7490,0,6516,6515,0,0,0,0,0,0,0,0,0,0,0,0
7491,0,0,6517,0,0,0,0,0,0,0,0,0,0,0,0
7492,358,775,6514,0,0,0,0,0,0,0,0,0,0,0,0
7493,0,0,6512,0,0,0,0,0,0,0,0,0,0,0,0
7494,0,6250,133,0,0,1,528,0,1,0,0,0,0,0,1
7495,0,0,291,0,0,0,0,0,1,0,0,0,0,0,0
7496,0,0,291,0,0,0,0,0,1,0,0,0,0,0,0
7497,0,0,0,6520,950,0,0,0,1,0,0,0,0,0,0
7500,0,0,0,6522,0,0,0,0,0,0,0,0,0,0,0
7501,0,0,0,6523,0,0,0,0,0,0,0,0,0,0,0
7502,0,0,0,6524,0,0,0,0,0,0,0,0,0,0,0
7503,0,0,0,6525,0,0,0,0,0,0,0,0,0,0,0
7504,0,0,0,6526,0,0,0,0,0,0,0,0,0,0,0
7505,0,0,0,6527,0,0,0,0,0,0,0,0,0,0,0
7506,0,0,0,6528,0,0,0,0,0,0,0,0,0,0,0
7507,0,0,0,6529,0,0,0,0,0,0,0,0,0,0,0
7508,0,0,0,6530,0,0,0,0,0,0,0,0,0,0,0
7509,0,0,0,6531,0,0,0,0,0,0,0,0,0,0,0
7510,0,0,3292,0,0,0,0,0,1,3087,0,0,0,0,0
7512,0,6532,720,0,0,0,0,0,1,0,0,0,0,0,0
7513,307,218,1167,0,0,0,0,0,0,0,0,0,0,0,0
7514,6533,6534,0,0,0,0,0,0,0,0,0,0,0,0,0
7515,0,324,720,0,0,0,0,0,1,0,1,239,0,0,0
7516,0,0,219,0,0,1,151,0,1,3015,0,0,0,0,1
7518,0,0,0,4031,0,0,0,0,0,0,0,0,0,0,0
7519,0,0,0,990,0,0,0,0,1,0,0,0,0,0,0
7520,6537,6538,6539,0,0,1,3011,0,1,0,0,0,0,0,0
7521,0,268,6536,0,0,0,0,0,1,0,0,0,0,0,0
7522,0,0,225,297,0,0,0,0,1,0,0,0,0,0,0
7523,892,6541,282,0,0,0,0,0,1,0,0,0,0,0,0
7524,0,0,0,6542,0,0,0,0,0,0,0,0,0,0,0
7525,0,0,0,6544,0,0,0,0,0,0,0,0,0,0,0
7526,171,6558,6559,6545,0,1,2262,0,0,0,0,0,0,0,0
7527,6546,6547,6539,0,0,1,3011,0,1,0,0,0,0,0,0
7528,0,0,0,6552,0,0,0,0,0,0,0,0,0,0,0
7529,405,0,0,0,0,0,0,0,0,0,0,0,0,0,0
7530,0,0,0,0,6548,0,0,0,0,0,0,0,0,0,0
7531,0,0,6550,0,0,0,0,0,0,0,0,0,0,0,0
7532,0,1124,6514,0,0,0,0,0,0,0,0,0,0,0,0
7533,0,327,0,0,0,0,0,0,0,0,0,0,0,0,0
7534,6537,6538,6557,0,0,1,3011,0,1,0,0,0,0,0,0
7535,217,218,225,55,0,0,0,0,0,0,0,0,0,0,0
7536,0,0,219,0,0,1,151,0,1,3015,1,459,4349,0,0
7537,0,5009,6553,0,0,0,0,0,0,0,1,257,3270,0,0
7538,0,404,0,0,0,0,0,0,1,0,0,0,0,0,0
7539,0,6555,0,0,0,0,0,0,1,0,0,0,0,0,0
7540,0,324,437,0,0,0,0,0,1,0,0,0,0,0,0
7541,0,0,6514,0,0,0,0,0,0,0,0,0,0,0,0
7542,6371,366,507,0,0,0,0,0,0,0,0,0,0,0,0
7543,266,425,0,0,0,0,0,0,1,0,0,0,0,0,0
7544,0,0,6560,0,0,0,0,0,1,0,0,0,0,0,0
7545,0,208,0,3709,0,0,0,0,1,0,1,282,2064,0,0
7546,0,218,0,0,0,0,0,0,0,0,1,307,0,0,0
7547,0,0,2350,0,0,0,0,0,0,0,1,3035,0,0,0
7548,0,0,435,0,0,0,0,0,1,0,0,0,0,0,0
7549,345,181,0,0,0,0,0,0,1,0,0,0,0,0,0
7550,185,165,0,0,0,0,0,0,0,0,0,0,0,0,0
7551,0,0,6597,436,0,0,0,0,1,0,0,0,0,0,0
7552,0,0,0,2896,0,0,0,0,0,0,0,0,0,0,0
7553,193,191,0,3769,0,0,0,0,1,0,0,0,0,0,0
7554,0,0,0,285,0,0,0,0,1,0,0,0,0,0,0
7555,114,118,702,221,0,0,0,0,1,0,0,0,0,0,0
7556,0,356,0,349,0,0,0,0,0,0,0,0,0,0,0
7557,0,0,0,949,6562,0,0,0,1,0,0,0,0,0,0
7558,0,4509,419,0,0,0,0,0,1,3012,0,0,0,0,0
7559,0,6563,317,0,0,0,0,0,0,0,0,0,0,0,0
7561,0,0,419,0,0,1,2042,0,1,0,0,0,0,0,0
7562,0,6564,317,0,0,0,0,0,0,0,0,0,0,0,0
7564,6566,6565,282,0,0,0,0,0,1,0,0,0,0,0,0
7565,0,0,0,292,6567,0,0,0,1,0,0,0,0,0,0
7566,0,0,0,6568,0,0,0,0,1,0,0,0,0,0,0
7567,0,316,283,349,0,0,0,0,0,0,0,0,4349,0,0
7568,0,172,720,0,0,1,3006,0,1,3012,0,0,0,0,1
7569,0,224,318,6457,0,0,0,0,1,0,0,0,0,0,0
7570,0,224,283,0,0,0,0,0,1,0,0,0,0,0,0
7571,0,0,6571,0,0,0,0,0,1,0,0,0,2064,0,0
7572,0,6574,805,784,0,0,0,0,1,0,0,0,0,0,0
7573,0,6572,0,0,0,0,0,0,0,0,0,0,0,0,0
7574,0,181,0,0,0,1,1522,0,1,0,0,0,0,0,1
7575,6575,356,283,0,0,0,0,0,1,0,0,0,0,0,0
7577,0,81,0,0,0,0,0,0,0,0,0,0,0,0,0
7579,0,6576,0,0,0,0,0,0,0,0,0,0,0,0,0
7580,0,267,6577,0,0,0,0,0,0,0,0,0,0,0,0
7581,0,0,0,0,0,1,151,0,1,2560,0,0,0,0,0
7582,0,0,0,587,0,0,0,0,0,0,0,0,0,0,0
7583,266,730,6578,0,0,0,0,0,1,0,0,0,0,0,0
7584,0,0,0,445,0,0,0,0,0,0,0,0,0,0,0
7585,0,517,927,0,0,0,0,0,0,0,0,0,0,0,0
7586,0,0,0,0,0,1,3001,0,1,0,1,621,2271,0,0
7587,0,984,987,0,0,0,0,0,1,0,1,714,2064,0,0
7588,266,267,0,0,0,0,0,0,0,0,0,0,0,0,0
7589,0,0,0,0,0,1,3030,0,1,3015,0,0,0,0,1
7590,0,0,0,6579,0,0,0,0,1,0,0,0,0,0,0
7591,0,369,437,0,370,0,0,0,0,0,0,0,0,0,0
7592,4451,5851,5870,5990,0,0,0,0,1,0,0,0,0,0,0
7593,0,0,0,0,0,1,2042,0,0,743,0,0,0,0,0
7594,0,0,782,0,0,0,0,0,0,0,1,2968,0,0,0
7595,0,341,0,6580,6581,0,0,0,1,0,0,0,0,0,0
7596,0,181,0,0,0,0,0,0,1,0,0,0,0,0,0
7597,0,6582,2350,6583,0,1,694,0,1,0,0,0,0,0,1
7598,988,3154,702,0,0,0,0,0,2,0,1,734,4349,0,0
7599,0,0,500,0,0,0,0,0,0,0,0,0,0,0,0
7600,0,0,2350,0,0,0,0,0,0,0,0,0,0,0,0
7601,0,6585,6584,0,0,0,0,0,0,0,0,0,0,0,0
7602,0,6586,903,0,0,0,0,0,0,0,0,0,0,0,0
7603,0,6593,450,6587,0,1,259,0,1,0,1,282,0,0,0
7604,6592,0,0,0,0,0,0,0,1,0,0,0,0,0,0
7606,0,0,0,0,0,0,0,0,0,0,0,0,0,0,0
7607,0,705,117,6590,0,0,0,0,0,0,0,0,0,0,0
7608,0,0,413,0,0,0,0,0,1,0,1,2002,6591,0,0
7610,0,0,6666,3378,0,0,0,0,0,0,0,0,0,0,0
7613,345,788,0,6392,0,1,618,0,1,0,0,0,0,0,1
7614,0,0,6596,0,0,0,0,0,1,0,0,0,0,0,0
7615,0,3591,317,0,0,0,0,0,0,0,0,0,0,0,0
7616,0,191,456,0,0,0,0,0,0,0,0,0,0,0,0
7618,266,1004,1005,0,0,0,0,0,1,0,0,0,0,0,0
7619,0,6636,6637,0,0,0,0,0,0,0,0,0,0,0,0
7620,0,0,0,6631,0,0,0,0,0,0,0,0,0,0,0
7621,6600,0,0,6633,0,0,0,0,0,0,0,0,0,0,0
7622,0,2229,508,0,0,0,0,0,1,0,0,0,0,0,0
7624,266,267,6602,0,0,0,0,0,1,0,0,0,0,0,0
7626,0,6445,0,0,0,0,0,0,0,0,1,621,0,0,0
7627,345,181,0,5152,0,0,0,0,1,0,0,0,0,0,0
7628,0,438,6514,0,0,0,0,0,1,0,0,0,0,0,2
7629,0,406,6514,0,0,0,0,0,1,0,0,0,0,0,2
7630,0,0,0,6605,0,0,0,0,1,0,0,0,0,0,0
7631,0,0,6606,0,0,0,0,0,1,0,0,0,0,0,0
7634,60,61,448,0,0,0,0,0,1,0,0,0,0,0,0
7636,0,0,0,0,6609,0,0,0,1,0,0,0,0,0,0
7637,0,0,494,0,0,0,0,0,0,0,0,0,0,0,0
7638,114,118,508,657,0,0,0,0,1,0,0,0,0,0,0
7639,0,389,0,564,0,0,0,0,0,0,0,0,0,0,0
7640,60,61,6611,0,0,0,0,0,1,0,0,0,0,0,0
7641,6644,6643,0,0,0,1,2262,0,2,0,0,0,0,0,1
7645,0,0,231,0,0,0,0,0,0,0,0,0,0,0,0
7646,0,0,702,0,0,0,0,0,0,0,0,0,0,0,0
7648,0,5649,0,0,0,0,0,0,0,0,0,0,0,0,0
7650,0,6616,0,0,0,0,0,0,0,0,0,0,0,0,0
7651,0,6617,213,0,0,0,0,0,0,0,0,0,0,0,0
7652,0,6618,0,0,0,0,0,0,0,0,0,0,0,0,0
7653,0,6619,213,0,0,0,0,0,0,0,0,0,0,0,0
7654,0,0,0,6620,0,0,0,0,0,0,0,0,0,0,0
7655,726,37,813,0,0,1,675,0,1,3015,0,0,0,0,1
7656,0,0,0,0,6621,0,0,0,0,0,0,0,0,0,0
7657,0,0,1504,0,0,0,0,0,0,0,0,0,0,0,0
7658,0,0,4991,0,0,0,0,0,0,0,0,0,0,0,0
7659,0,0,286,0,0,0,0,0,1,0,1,2002,0,0,0
7660,6623,324,317,0,0,0,0,0,1,0,0,0,0,0,0
7676,0,0,0,0,6638,0,0,0,1,0,0,0,0,0,0
7677,0,0,0,0,6639,0,0,0,1,0,0,0,0,0,0
7680,0,205,214,0,0,0,0,0,0,0,1,586,4349,0,0
7685,0,1004,1005,0,0,0,0,0,1,0,0,0,0,0,0
7686,0,160,0,285,0,0,0,0,1,0,0,0,0,0,0
7697,345,788,0,746,0,1,618,0,2,0,0,0,0,0,1
7698,0,0,6650,0,0,1,3055,0,2,0,0,0,0,0,0
7702,0,6652,216,0,0,0,0,0,1,0,0,0,4349,0,0
7710,0,6423,0,0,0,1,3043,0,1,9059,0,0,0,0,0
7712,0,0,805,221,6654,0,0,0,0,0,0,0,0,0,0
7713,0,0,805,221,0,0,0,0,0,0,1,2968,0,0,0
7723,0,0,420,0,0,0,0,0,1,0,1,100,0,0,0
7730,0,0,0,5894,0,0,0,0,0,0,0,0,0,0,0
7734,0,0,359,0,0,0,0,0,1,0,0,0,0,0,0
7783,6698,0,4930,0,0,0,0,0,0,0,0,0,0,0,0
7791,0,0,6723,6708,0,0,0,0,1,0,0,0,0,0,0
7792,0,6709,0,0,0,0,0,0,0,0,0,0,0,0,0
7826,0,0,6724,0,0,0,0,0,0,0,0,0,0,0,0
7836,0,0,0,6745,0,0,0,0,1,0,0,0,0,0,0
7843,30,38,286,0,0,1,3008,0,1,3011,1,257,1704,0,0
7844,0,6731,702,0,0,1,2998,0,1,0,0,0,0,0,0
7871,0,0,0,3873,0,0,0,0,1,0,0,0,0,0,0
7872,0,480,0,0,0,0,0,0,0,0,0,0,0,0,0
7885,0,0,6753,0,0,0,0,0,0,0,0,0,0,0,0
7887,0,0,0,0,0,0,0,0,0,0,1,2971,0,0,0
7889,0,0,0,6756,0,0,0,0,1,0,0,0,0,0,0
7890,0,0,0,6745,0,0,0,0,1,0,0,0,0,0,0
7891,0,0,0,6757,0,0,0,0,1,0,0,0,0,0,0
7892,0,6761,6762,0,0,0,0,0,1,0,0,0,0,0,0
7358,345,181,6809,6426,0,0,0,0,1,0,0,0,0,0,0
7362,345,181,6810,6428,0,0,0,0,1,0,0,0,0,0,0
7895,0,2810,6811,0,0,0,0,0,1,0,0,0,0,0,0
7897,0,2810,6813,0,0,0,0,0,1,0,0,0,0,0,0
7898,358,6814,0,0,0,0,0,0,0,0,0,0,0,0,0
7899,358,6815,0,0,0,0,0,0,0,0,0,0,0,0,0
7900,358,6816,0,0,0,0,0,0,0,0,0,0,0,0,0
7901,358,6817,0,0,0,0,0,0,0,0,0,0,0,0,0
7902,358,6818,0,0,0,0,0,0,0,0,0,0,0,0,0
7903,358,6819,0,0,0,0,0,0,0,0,0,0,0,0,0
7904,358,6820,0,0,0,0,0,0,0,0,0,0,0,0,0
7905,358,6821,0,0,0,0,0,0,0,0,0,0,0,0,0
7906,358,6822,0,0,0,0,0,0,0,0,0,0,0,0,0
7907,358,6823,0,0,0,0,0,0,0,0,0,0,0,0,0
7909,358,6824,0,0,0,0,0,0,0,0,0,0,0,0,0
7910,0,6746,6799,6889,0,0,0,0,1,0,0,0,0,0,0
7911,345,0,6890,0,0,0,0,0,1,0,0,0,0,0,0
7912,345,0,6891,0,0,0,0,0,1,0,0,0,0,0,0
7913,266,267,6898,0,0,0,0,0,0,0,0,0,0,0,0
7914,6892,6893,6894,0,0,0,0,0,0,0,0,0,0,0,0
7915,358,6895,0,0,0,0,0,0,0,0,0,0,0,0,0
7916,358,6896,0,0,0,0,0,0,0,0,0,0,0,0,0
7917,358,6897,0,0,0,0,0,0,0,0,0,0,0,0,0
7918,266,425,130,989,0,0,0,0,1,0,0,0,0,0,0
7919,137,6899,0,0,729,0,0,0,1,0,0,0,0,0,0
7920,0,9168,9000,0,0,0,0,0,1,0,0,0,0,0,0
7921,0,324,9001,0,0,0,0,0,1,0,0,0,0,0,0
7925,99,9008,0,252,0,0,0,0,1,0,0,0,0,0,0
7926,9009,9010,9011,0,0,1,1884,0,1,900015,0,0,0,0,0
7927,9013,9015,9014,0,0,0,0,0,1,0,0,0,0,0,0
7928,0,9017,485,349,0,0,0,0,1,0,0,0,0,0,0
7929,186,9018,9019,9175,0,0,0,0,0,0,0,0,0,0,0
7930,186,9018,9020,6505,0,0,0,0,0,0,0,0,0,0,0
7931,186,9018,9021,0,0,0,0,0,0,0,0,0,0,0,0
7932,186,9018,9169,0,0,0,0,0,0,0,0,0,0,0,0
7933,186,9018,9171,0,0,0,0,0,1,0,0,0,0,0,0
7938,186,9018,459,0,0,0,0,0,1,0,0,0,0,0,0
7939,186,9018,9174,0,0,0,0,0,0,0,0,0,0,0,0
7940,184,9022,9023,0,0,0,0,0,1,0,0,0,0,0,0
7941,99,9022,9024,0,0,0,0,0,1,0,0,0,0,0,0
7942,0,0,9025,0,0,0,0,0,0,0,0,0,0,0,0
7943,0,0,9026,0,0,0,0,0,0,0,0,0,0,0,0
7944,0,0,9027,0,0,0,0,0,0,0,0,0,0,0,0
7945,0,0,9028,0,0,0,0,0,0,0,0,0,0,0,0
7946,0,0,9029,0,0,0,0,0,0,0,0,0,0,0,0
7947,0,0,9030,0,0,0,0,0,0,0,0,0,0,0,0
7948,184,9033,228,0,0,0,0,0,1,0,0,0,0,0,0
7949,186,9018,9035,0,0,0,0,0,1,0,0,0,0,0,0
7950,266,9022,3772,0,0,0,0,0,1,0,0,0,0,0,0
7951,186,9037,9038,0,0,1,225,0,1,3012,0,0,0,0,1
7952,0,0,9039,349,0,0,0,0,1,0,0,0,0,0,0
7953,9040,9041,9042,0,0,0,0,0,1,0,0,0,0,0,0
7954,345,9043,9044,0,0,0,0,0,1,0,0,0,0,0,0
7955,0,9045,3293,0,0,0,0,0,1,0,0,0,0,0,0
7956,9056,9119,9057,9117,0,0,0,0,1,0,0,0,0,0,0
7957,0,9058,9059,0,0,0,0,0,1,0,0,0,0,0,0
7958,0,9060,9061,0,0,0,0,0,1,0,0,0,0,0,0
7959,0,399,9063,0,0,0,0,0,1,0,0,0,0,0,0
7960,0,9062,9064,0,0,0,0,0,1,0,0,0,0,0,0
7961,0,9071,9072,0,0,0,0,0,1,0,0,0,0,0,0
7962,0,9079,9072,0,0,0,0,0,1,0,0,0,0,0,0
7963,0,9065,9066,668,0,0,0,0,0,0,0,0,0,0,0
7964,0,9069,9070,0,0,0,0,0,1,0,0,0,0,0,0
7965,0,9073,9072,0,0,0,0,0,1,0,0,0,0,0,0
7966,43,1664,9075,0,0,0,0,0,1,0,0,0,0,0,0
7967,9056,9123,0,9122,9164,0,0,0,1,0,1,9004,692,0,0
7968,0,9125,9126,0,0,0,0,0,1,0,0,0,0,0,0
7969,0,9127,0,0,9128,0,0,0,1,0,0,0,0,0,0
7970,0,0,0,0,0,0,0,0,0,0,0,0,0,0,0
7971,194,9136,9137,3531,0,1,259,0,1,3013,0,0,0,0,1
7972,223,224,62,292,0,0,0,0,1,0,0,293,4349,0,0
7973,9141,9142,101,0,0,0,0,0,1,0,0,0,0,0,0
7974,9148,9149,9150,0,0,0,0,0,1,0,0,0,0,0,0
7975,197,9154,450,0,0,0,0,0,1,0,0,0,0,0,0
7976,9155,9156,495,0,0,0,0,0,1,0,0,0,0,0,0
7977,9155,9156,9157,363,0,0,0,0,0,0,0,0,0,0,0
7978,9138,9158,9159,0,0,0,0,0,1,0,0,0,0,0,0
7979,9160,9161,9162,0,0,0,0,0,1,0,0,0,0,0,0
7980,1244,0,0,2489,0,0,0,0,0,0,0,0,0,0,0
7981,0,0,0,0,0,0,0,0,0,0,0,0,0,0,0
7982,0,0,9167,0,0,0,0,0,1,0,0,0,0,0,0
7983,186,189,9172,0,0,0,0,0,1,0,0,0,0,0,0
7984,186,9018,9173,0,0,0,0,0,1,0,0,0,0,0,0
7985,0,9182,9182,360,0,0,0,0,0,0,0,0,0,0,0
7986,266,9183,130,3450,0,0,0,0,1,0,0,0,0,0,0
7987,0,823,9187,0,0,0,0,0,1,0,0,0,0,0,0
7988,0,9188,9189,0,0,0,0,0,1,0,0,0,0,0,0
7989,0,9194,0,0,0,0,0,0,1,0,0,0,0,0,0
7990,0,9195,4490,0,0,0,0,0,1,0,0,0,0,0,0
7991,36,9190,9191,0,0,0,0,0,1,0,0,0,0,0,0
7992,0,9209,0,0,0,0,0,0,0,0,0,0,0,0,0
7993,0,324,9211,0,0,0,0,0,1,0,0,0,0,0,0
7994,0,324,9212,0,0,0,0,0,1,0,0,0,0,0,0
7995,0,1044,9213,0,0,0,0,0,1,0,0,0,0,0,0
7996,0,9216,9217,0,0,0,0,0,1,0,0,0,0,0,0
7997,0,9074,9218,0,0,0,0,0,1,0,0,0,0,0,0
7998,0,9221,0,821,0,0,0,0,0,0,0,0,0,0,0
7999,0,9222,9223,0,0,0,0,0,0,0,0,0,0,0,0
8000,0,9225,373,108,0,0,0,0,1,0,0,0,0,0,0
8001,0,9226,0,0,0,0,0,0,0,0,0,0,0,0,0
8002,0,506,9227,360,0,0,0,0,1,0,0,0,0,0,0